2,1,Eus,1,5,99,1,3,1,1,scholier/student/kok/crimineel,0.5,0.08389724310776941,183732.41351351351,0.3607237585876782,0.2182184034212662,1,1,1,1,1
2,7,Osman,1,99,99,1,99,99,99,werkloos,0.05,0.0,138736.7204081633,0.012048731787362044,0.21821753431661559,0,0,0,0,0
3,1,Arthur,1,1,99,6,12,4,1,schrijver/docent,0.5,0.1607142857142857,206115.42857142855,0.5743981024489687,0.3333337953963259,1,1,1,2,2
3,4,Doron,1,5,10,6,12,4,1,fotograaf,0.75,0.5,288561.60000000003,0.15643683886559068,0.3333333333324879,1,1,1,0,0
3,5,Jorge,1,3,99,6,12,4,2,clown,0.25,0.0,144280.80000000002,0.18952663162160346,0.3333330560959631,0,0,0,0,0
4,1,Elgin,1,3,7,5,99,3,1,adel/ambassadeur,0.9166666666666666,0.029671717171717175,237813.9041666667,0.533054508663165,0.27735105697766405,3,2,1,3,3
4,2,Mary,2,3,7,4,99,1,1,socialite,0.8333333333333333,0.0808080808080808,279781.0637254902,0.4471660442228341,0.27735064538964377,2,3,3,2,2
4,12,Emma,2,3,99,3,6,99,2,adel,0.3333333333333333,0.0030303030303030307,216194.45833333334,0.16355638366643022,0.27734988101068275,0,0,0,0,0
4,13,Sebastiani,2,3,8,5,8,99,1,adel,0.3333333333333333,0.0202020202020202,250330.4254385965,0.10476809576289375,0.2773497634137565,0,0,1,0,0
5,1,Tello,1,5,99,6,99,1,1,soldaat,0.5454545454545454,0.0,144358.58585858584,0.4717501179276555,0.2886756283502228,1,0,1,1,1
5,4,Hendrik,1,99,99,3,6,4,1,vioolbouwer,0.9090909090909092,0.4645454545454545,259845.45454545453,0.3274795004191814,0.2886754936891373,1,1,1,1,1
5,12,Hilda,2,99,99,3,6,4,99,99,0.18181818181818182,0.0,125731.6715542522,0.05377604505769012,0.28867468572578137,0,0,0,0,0
6,1,Ik,1,99,99,2,4,99,1,beeldhouwer/interim-manager,0.6666666666666666,0.29166666666666663,165097.7142857143,0.6749079093830448,0.31624068778999853,1,1,1,1,1
6,2,Joy,2,1,99,2,4,1,99,danser/kunstenaar,1.0,0.0,67981.41176470587,0.705015557883921,0.31625316432717837,1,0,1,1,1
6,3,Hoeka,1,2,99,2,4,99,99,eigenaar herberg,0.3333333333333333,0.1111111111111111,144460.5,0.13283073441179494,0.3162245972230263,0,0,0,0,0
6,4,Peter,2,2,99,2,4,3,99,99,0.2222222222222222,0.0,119553.51724137932,0.07475441857722202,0.31622287323406784,0,0,0,0,0
7,1,Adriaan,1,1,99,1,3,99,1,wijnhandelaar,1.0,0.2833333333333333,140226.875,0.37028851033873855,0.40824816915771933,1,1,1,1,1
7,6,Maurizio,1,3,99,3,99,3,2,hulp slagerij,0.8,0.03333333333333333,124646.11111111111,0.28538743373127434,0.4082478052400858,0,0,0,0,0
8,2,Tony,1,3,6,3,6,6,1,eigenaar autobedrijf,0.25,0.0,27102.25,0.7071067811865475,0.44721376050960693,1,0,1,0,1
8,4,De Rus,1,3,99,3,99,99,1,investeerder,0.0,0.0,0.0,1.696871558596564e-16,0.44721334798541795,0,0,0,1,0
14,1,Posthumus,1,1,3,1,1,4,1,ambtenaar,0.8333333333333333,0.022211847702043784,177494.85,0.4948325626970825,0.22941725836304272,2,1,1,2,2
14,3,Merel,2,1,3,1,1,1,1,journalist,0.611111111111111,0.1621259278122023,229025.61290322582,0.217923402752098,0.2294157461153821,1,1,2,1,1
14,4,Onno,1,1,99,1,1,4,1,directeur,0.2777777777777778,0.07459940205038243,191886.32432432432,0.05266187233017343,0.22941510631663425,1,1,1,1,1
14,6,Rachid,1,5,99,1,1,2,1,veiligheidsdienst medewerker,0.3333333333333333,0.08413547237076649,173165.7073170732,0.08522245103983994,0.22941551346010022,1,1,1,1,1
14,7,Ben,1,1,99,1,1,2,1,veiligheidsdienst medewerker,0.5555555555555556,0.09731441398108064,221868.5625,0.15758394377242554,0.22941586244098067,1,1,1,1,2
14,8,Najib,1,5,99,1,1,99,1,eigenaar meubelzaak,0.7222222222222222,0.19550641805543767,221868.5625,0.23839206328326173,0.22941615325840564,5,6,4,5,5
14,10,Alami,1,5,99,1,1,99,99,99,0.1111111111111111,0.0,122410.24137931035,0.02830654954152269,0.22941498998959056,0,0,0,0,0
14,11,Lisette,2,1,99,1,1,99,1,teamleider,0.38888888888888884,0.0009337068160597572,165111.48837209304,0.12648464662226422,0.22941568795068792,1,1,1,1,1
14,19,Haddad,1,5,99,1,1,99,99,99,0.611111111111111,0.09133208839091192,208817.4705882353,0.18144073055387477,0.2294157461148512,1,1,1,1,1
16,1,ik,1,1,3,1,2,3,99,postbode/fondsenwerver/drugsdealer,1.0,0.18915343915343913,197727.75,0.5122660457378988,0.316229223387052,2,2,0,2,2
16,2,Ernst,1,1,2,1,2,1,2,werkloos,0.7777777777777777,0.0,186096.70588235292,0.4214763371427311,0.31622841373816607,0,0,0,1,1
16,4,moeder,2,1,99,1,2,4,99,student,0.7777777777777777,0.031084656084656083,186096.70588235292,0.4586104558515008,0.3162285936608971,1,0,1,1,1
16,6,Kaiser,1,1,2,1,2,1,99,drugsdealer,0.7777777777777777,0.049603174603174593,210909.59999999998,0.14952765677679364,0.3162272442397232,0,1,2,0,0
16,7,Kemal,1,5,99,1,1,1,2,fondsenwerver/krantenbezorger/afwasser/drugsdealer,0.8888888888888888,0.10152116402116401,210909.59999999998,0.17592332064641394,0.3162274241620448,1,1,1,1,1
16,8,Boy,1,1,3,1,1,1,1,student,0.3333333333333333,0.053240740740740734,186096.7058823529,0.0531485995224981,0.3162267044721955,0,1,0,0,0
17,1,Bram,1,1,1,1,1,3,1,docent,0.75,0.08333333333333331,104248.0,0.48318003948023275,0.3333339775707495,1,0,0,2,2
17,3,Harry,1,1,99,1,1,1,1,schooldirecteur,0.75,0.30357142857142855,104248.00000000001,0.42742119500075104,0.33333380703734206,0,1,1,0,0
17,8,Wim,1,1,1,1,1,3,99,ambtenaar/'dienst migratie preventie',0.5,0.11904761904761903,111694.2857142857,0.3491928582442749,0.3333332954373814,0,1,1,0,0
20,1,Geeske,2,1,3,1,3,4,2,huisvrouw,0.7692307692307693,0.0021367521367521365,109478.54251012144,0.46203441830576686,0.2672627667923556,1,0,0,1,1
20,12,Jorrit,1,1,3,1,3,4,2,99,0.6153846153846154,0.018620268620268624,130005.76923076922,0.2874775666372946,0.2672614819400131,0,1,1,0,0
25,2,Henkie,1,6,3,1,99,99,99,pooier,0.8,0.0,37674.28571428572,0.45454154998643886,0.4082488924779943,0,0,0,0,1
25,3,Marie,2,99,99,1,99,99,99,verpleger,0.8,0.1,49447.5,0.4618761971152811,0.40824863447635595,0,1,1,1,0
29,2,Barna,2,5,8,1,8,2,99,verpleegkundige,1.0,0.0,33509.333333333336,0.7026121512216552,0.27737627616421134,1,0,1,1,1
29,4,Edison,1,5,99,1,8,99,1,tandarts,0.6666666666666666,0.16982323232323232,203393.86046511628,0.4900557484773415,0.27735390104986307,1,1,1,1,1
29,7,Atto,2,5,99,5,8,3,1,arts,0.5,0.0,134552.86153846153,0.29739136033574426,0.27735055196075,0,0,0,1,1
29,8,Meré,1,5,99,5,8,99,99,99,0.5,0.09595959595959595,186083.7446808511,0.1657560145066054,0.2773481162789764,0,1,1,0,0
33,1,Martin,1,1,99,1,1,3,1,rechercheur,0.7142857142857142,0.0,109533.36263736263,0.46180996779906025,0.35355393329145346,3,0,1,3,3
33,2,Esther,2,1,99,1,2,99,1,rechercheur,0.8571428571428571,0.30952380952380953,158214.85714285713,0.5454333208065939,0.35355418867923843,2,2,2,2,2
33,4,Van Veenstra,2,1,99,1,2,99,2,crimineel,0.0,0.0,0.0,-1.312492930797677e-16,0.3535525286588898,0,0,0,0,0
33,7,Bakels,1,1,99,1,99,99,99,rechercheur,0.42857142857142855,0.023809523809523808,129448.51948051948,0.21159220906676607,0.3535530394349209,0,1,1,0,0
33,8,Mats,1,3,99,1,99,1,99,99,0.42857142857142855,0.14285714285714285,142393.37142857144,0.16240119393729072,0.35355291174095926,0,1,1,0,0
36,2,Klaas,1,1,99,1,1,6,2,automonteur/antiekhandelaar/plantensorteerder,1.0,0.1037037037037037,123919.99999999999,0.5296801291469032,0.3015130298485484,2,1,1,2,2
36,3,Nel,2,1,99,1,1,6,2,hulp stomerij,0.9,0.20925925925925928,144573.33333333328,0.4785756999542471,0.3015124505378913,2,3,3,2,2
36,9,Wim,1,1,99,1,1,6,99,eigenaar verhuisbedrijf,0.4,0.0962962962962963,130115.99999999999,0.15596999426733782,0.30151082846160454,0,0,0,0,0
36,11,Cor,1,1,99,3,6,6,99,99,0.2,0.03333333333333333,113144.34782608695,0.07648031299599599,0.3015104808734471,0,0,0,0,0
37,4,Bartje,2,99,99,99,99,99,2,huishoudhulp,0.6153846153846154,0.22649572649572647,179726.23809523814,0.3637030460268683,0.26726163643588075,0,1,1,1,1
37,7,Ahab,1,99,99,99,99,99,1,hulp leider van het volk,0.46153846153846156,0.08653846153846152,157260.4583333333,0.10200121976697586,0.2672608999913138,1,1,1,1,1
37,8,Mirjam,2,99,99,99,99,99,99,99,0.15384615384615385,0.0,117945.34375,0.04763121831034962,0.2672605317706949,0,0,0,0,0
37,11,Gabriël,1,99,99,99,99,99,99,engel,0.46153846153846156,0.0,121750.0322580645,0.2857602310585788,0.26726136026915626,0,0,0,0,0
37,14,Michaël,1,99,99,99,99,99,99,engel,0.6153846153846154,0.1111111111111111,164097.86956521744,0.30532925592263954,0.2672614523243506,1,1,1,1,1
38,1,Adriaan,1,1,3,1,2,1,1,arts,0.8333333333333333,0.27626262626262627,312351.4285714286,0.3968542559347286,0.277350550865433,1,1,1,1,1
38,6,Oosterling,1,6,99,1,3,6,1,arts,0.6666666666666666,0.2565656565656565,312351.4285714286,0.26669349441946233,0.2773501956885811,1,1,1,1,1
38,7,Sieme,1,1,99,1,3,99,2,klusser,0.5,0.06060606060606061,252283.84615384619,0.22514340431511032,0.2773500942094248,1,1,1,1,1
38,13,Piechler,1,3,99,1,3,99,1,arts,0.16666666666666666,0.011868686868686869,234263.57142857145,0.040110925350592117,0.27734973903217375,0,0,0,0,0
39,2,Suzanna,2,1,99,1,2,1,99,scholier,0.9,0.2,108699.57000000002,0.5331327992610162,0.3015128968976394,2,2,1,1,2
39,4,Deborah,2,1,3,1,2,4,2,administratief medewerker,0.4,0.008888888888888889,103523.40000000002,0.2570960728448455,0.3015112118130927,0,0,0,1,1
39,5,Egbert,1,1,99,1,99,3,1,wiskundige/natuurkundige,0.7000000000000001,0.16666666666666669,120777.3,0.3776177498948619,0.30151177350873687,1,1,0,1,1
39,6,Steven,1,1,99,1,99,4,99,99,0.6000000000000001,0.08481481481481482,127881.84705882355,0.33157128327483676,0.30151154883055453,1,0,2,1,1
39,7,Leon ,1,1,99,1,99,4,1,kunstenaar,0.0,0.0,0.0,4.944694236210909e-17,0.3015104254374246,0,0,0,1,0
39,9,Marie-Marie,2,1,99,1,99,99,99,99,0.4,0.09925925925925927,108699.57000000002,0.21605541601690237,0.3015110994735202,0,2,1,0,0
39,10,Andrea,2,1,99,1,99,1,99,scholier,0.1,0.0,60388.65,0.08984083022636889,0.30151065011673706,0,0,1,0,0
40,1,Sjoerd,1,1,3,1,3,1,99,scholier,0.3333333333333333,0.172979797979798,164165.06944444444,0.21513823759029752,0.2773500544320549,0,1,1,0,0
40,2,Ruurd,1,1,3,1,3,3,2,fabrieksmedewerker,0.5,0.11742424242424243,155524.80263157893,0.3820571091518797,0.2773503383551499,1,1,1,0,0
40,3,Mengsje,2,1,3,1,3,3,99,huisvrouw,0.6666666666666666,0.20959595959595959,184685.70312500003,0.5480961612999665,0.27735071691903956,1,0,1,1,1
40,4,Loulou,2,1,99,1,3,3,99,99,0.41666666666666663,0.2272727272727273,173821.83823529416,0.186067506318256,0.27735014907278516,0,1,0,0,0
40,8,Netta,2,1,99,1,3,3,99,99,0.41666666666666663,0.04797979797979797,140712.91666666672,0.4460505704255379,0.277350432996203,1,0,0,2,2
41,2,Heather,2,2,99,99,99,99,2,99,1.0,0.0,5077.2558139534885,0.5956847464127782,0.5000056695265179,0,0,0,1,1
41,4,vader,1,99,99,99,99,4,99,99,1.0,0.0,5745.315789473684,0.309695666209312,0.49997990329368996,0,0,1,0,0
42,2,Verena,2,3,99,4,99,1,1,dichter,1.0,0.1282774917390302,521018.9090909091,0.3969916620234439,0.25819944688263713,2,2,2,2,2
42,3,Harm,1,99,99,4,6,2,99,kunstenaar,0.8571428571428571,0.03213581290504367,440862.1538461538,0.39089882486611377,0.2581993838108124,2,2,2,3,3
42,4,Parker,1,99,99,4,6,99,2,tuinman/crimineel,0.8571428571428571,0.006868131868131869,382080.5333333333,0.32390764743490547,0.2581992576666083,0,0,0,0,0
42,6,Muriel,2,99,99,4,99,1,1,kunstenaar,0.9285714285714285,0.06473654550577627,477600.6666666667,0.3844251635970001,0.2581993838107739,1,0,0,1,1
42,7,Zadok,1,99,99,4,99,1,1,student,0.6428571428571428,0.008791208791208793,409372.0,0.33495469037127423,0.2581990999873064,0,0,0,0,0
42,11,Henry,1,99,99,4,99,99,99,drugdealer,0.5,0.15654025461717772,545829.3333333334,0.08061725070525415,0.25819850080285084,0,1,1,0,0
42,13,Hugo,1,99,99,4,99,99,1,filosoof,0.6428571428571428,0.08978201285893596,521018.9090909091,0.13516545731471263,0.25819865848283063,0,1,1,0,0
45,1,Johan,1,6,3,1,1,3,1,student/kunstenaar/caberatier/president,1.0,0.6174865538501902,147173.4,0.5757657615593225,0.2773516463102566,1,1,0,1,1
45,12,Rijnders,1,1,99,1,99,5,99,politicus,0.08333333333333333,0.0,94950.58064516127,0.06645372010512321,0.27734949796707487,0,0,1,0,0
46,1,Walter,1,3,7,1,1,2,1,fabrieksmanager/medewerker de Joodsche Raad/verzetsstrijder/zakenman,0.8666666666666667,0.2285714285714286,141832.88306010928,0.6094868559386019,0.2500040777572594,4,4,1,3,4
46,2,Hanna,2,3,99,1,1,2,99,99,0.5333333333333333,0.23968253968253975,211019.6552845529,0.4251571304681705,0.2500010949615549,1,1,1,1,1
46,4,Aus der Fünten,1,3,99,1,1,99,1,commandant,0.0,0.0,0.0,1.344618331109925e-18,0.2499987917647347,0,0,0,1,0
46,5,Fanny,2,99,99,1,1,1,2,crèchemedewerker,0.6,0.19523809523809527,201204.78759689923,0.3231984058784552,0.250000906172205,1,1,1,1,1
46,7,Simon,1,99,99,1,1,1,99,99,0.5333333333333333,0.13333333333333336,201204.78759689923,0.23175963679023173,0.25000056635360585,1,1,1,1,1
46,8,Helmut,1,3,99,3,99,99,99,soldaat,0.06666666666666667,0.0,80857.9987538941,0.0005165684986067111,0.24999882952162503,0,0,1,0,0
46,10,Lages,2,2,99,2,99,99,99,Sturmbannführer,0.13333333333333333,0.12380952380952381,92040.48794326244,0.03073746855699131,0.24999894279460547,0,0,1,0,0
46,15,Gemmeker,1,3,99,1,1,99,1,commandant,0.26666666666666666,0.006349206349206349,160218.62716049384,0.09857546728604255,0.24999924485402192,0,0,1,0,0
46,16,Henneicke,1,1,1,1,1,99,99,collaborateur,0.4,0.06031746031746031,192262.35259259256,0.0905590471000025,0.24999928261015386,0,0,1,0,0
49,1,Mos,1,1,1,1,1,1,99,99,0.14285714285714285,0.0,65358.006493506495,0.17104427240156034,0.25819857182333533,0,0,0,1,1
49,2,Beer,1,1,1,1,1,1,99,99,0.7857142857142857,0.19743589743589743,102705.43877551022,0.573720610319001,0.25820073948386496,1,1,0,1,1
49,3,Lind,2,1,99,1,1,4,99,99,0.42857142857142855,0.20219780219780223,102705.43877551022,0.23911763768895028,0.2581990053550368,1,1,0,1,1
49,9,Jens,1,3,99,6,99,1,2,werkloos,0.14285714285714285,0.0,63435.71218487395,0.02184141480300653,0.258198427310126,0,0,0,0,0
49,10,Bernd,1,1,99,1,99,5,2,wietteler/werkloos,0.21428571428571427,0.06538461538461539,82954.39285714284,0.05632981101075322,0.2581985718211515,1,1,1,1,1
49,11,Rommel,1,6,99,6,99,1,99,horecatechnicus,0.2857142857142857,0.10164835164835166,82954.39285714284,0.12072614501917678,0.2581987163327432,1,1,0,1,1
49,12,Dick,1,1,99,1,99,4,99,winkeleigenaar,0.14285714285714285,0.004945054945054945,79882.00793650794,0.10951634497796277,0.2581984273117436,0,1,3,0,0
50,1,Motke,1,1,99,1,99,6,1,ondernemer,0.6363636363636364,0.07151515151515152,220942.15,0.300175798830817,0.2886752423861228,3,3,2,1,1
50,5,Aron,1,1,99,1,99,6,1,ondernemer,0.8181818181818182,0.07393939393939393,210421.09523809524,0.4100293196792506,0.28867560169152223,0,0,0,1,1
50,6,Levine,2,3,99,1,99,4,1,hoogleraar,0.4545454545454546,0.0,163660.85185185182,0.39171048921512797,0.28867538610882637,0,0,0,1,1
50,7,Sari,2,99,99,1,99,99,99,99,0.5454545454545454,0.0,184118.45833333334,0.3593541020302704,0.28867531424765347,0,0,0,1,1
50,9,Roosje,2,1,99,1,99,1,2,fabrieksmedewerker,0.8181818181818182,0.3327272727272727,259931.9411764706,0.3537339756149149,0.2886754579694447,1,2,2,1,1
50,11,Bertha,2,1,99,1,99,99,2,fabrieksmedewerker,0.4545454545454546,0.049090909090909095,220942.15,0.1524077571250629,0.28867488308068756,0,0,0,0,0
52,1,Maas,1,1,2,1,2,6,1,journalist/redacteur,0.8095238095238095,0.31134920634920643,424686.4829931972,0.41922179721271613,0.21320131750488885,3,3,3,3,3
52,4,Rinus,1,1,2,1,2,6,2,hulp drukkerij,0.3333333333333333,0.0,191793.89554531488,0.4508229085781405,0.21320109543850876,1,0,0,1,1
52,12,Streefkerk,1,1,99,1,2,99,1,onderdirecteur,0.3333333333333333,0.054365079365079366,339749.1863945578,0.03686713182061169,0.21320067597979078,0,0,0,0,0
52,19,Griet,2,1,2,1,2,6,1,naaister,0.2857142857142857,0.004682539682539683,264249.3671957671,0.31717851653395124,0.21320087337212865,0,1,1,0,0
52,21,Violet,2,1,99,1,2,6,99,99,0.14285714285714285,0.0,297280.5380952381,0.030414321096177543,0.2132005772836218,0,0,0,0,0
52,22,Jan,1,1,99,1,2,99,1,hoofd afdeling berekeningen,0.23809523809523808,0.06253968253968253,321384.3655083654,0.10036649395459177,0.21320065130574853,0,0,0,0,0
57,2,grootvader,1,1,3,1,2,6,1,advocaat,0.7857142857142857,0.14285714285714288,197759.33333333334,0.4242078301584504,0.258199742754157,1,1,1,1,1
57,7,Frits,2,1,99,1,2,1,1,student ,0.42857142857142855,0.15384615384615385,189848.96000000002,0.17587223661990173,0.2581986003338325,1,1,1,1,1
57,12,Fenerik,1,1,99,1,99,99,1,secretaris,0.21428571428571427,0.0,143824.9696969697,0.09110262944786718,0.25819829568777014,0,0,0,0,0
57,15,Krishnamurti,1,5,99,99,99,6,99,spiritueel leraar,0.3571428571428571,0.01556776556776557,175786.0740740741,0.05465489729524985,0.2581982956870512,0,0,0,0,0
58,1,Daniël,1,1,1,1,1,1,1,student,0.125,0.0,148178.80000000002,0.06775927536257435,0.33333296340952423,0,0,0,0,0
58,9,Hervé,1,1,99,1,99,99,1,kunstenaar,0.125,0.0,148178.80000000002,0.0677592753625745,0.33333296340952423,0,0,0,1,0
59,1,Titus,1,2,5,2,4,1,1,student,0.6428571428571428,0.031135531135531136,128260.00000000001,0.4192286489522174,0.2581996067910744,0,1,1,0,0
59,2,Pieter,1,2,5,2,4,1,1,student,0.6428571428571428,0.0,112868.79999999999,0.4415514734442893,0.25819976496217184,0,0,0,2,2
59,3,Roos,2,2,99,2,4,1,1,student,0.7142857142857142,0.22893772893772893,165983.5294117647,0.31390895160476684,0.25819936953319267,2,2,2,1,1
59,7,Edith,2,2,99,2,5,99,99,99,0.6428571428571428,0.003663003663003663,122683.47826086955,0.3757934771513229,0.2581995277048958,1,1,1,1,1
59,9,Frans,1,2,99,2,4,1,1,student,0.42857142857142855,0.0,112868.8,0.2829047085846022,0.2581990531910461,0,0,0,0,0
59,11,vader Donckers,1,2,99,2,5,4,99,99,0.0,0.0,0.0,-7.92219436355714e-17,0.25819818324693333,0,0,0,0,0
60,1,Boris,1,1,3,1,3,1,99,scholier,0.75,0.10101010101010101,106935.1875,0.5070764804084865,0.2773516552251558,6,4,2,5,6
60,3,Marie,2,1,3,1,3,4,99,99,0.5,0.0,95053.49999999997,0.4479892885575897,0.27735099871447233,0,0,1,0,0
60,4,Sjef,1,1,3,1,3,99,99,99,0.5,0.10101010101010101,106935.18749999997,0.41846163387565527,0.27735077987734763,0,0,0,0,0
60,5,Wilma,2,1,3,1,3,99,2,hulp bakkerij,0.5,0.19696969696969696,131612.53846153844,0.19838540625037296,0.27735012336182946,0,1,1,0,0
60,8,Maurice,1,1,3,1,3,1,99,scholier,0.41666666666666663,0.0,77771.04545454544,0.29615278345967483,0.2773503422006809,0,0,1,0,0
60,9,Jeroen,1,1,3,1,3,1,99,scholier,0.41666666666666663,0.0,77771.04545454544,0.2961527834596746,0.2773503422006809,0,0,1,0,0
60,13,Van de Venne,2,1,3,1,3,99,1,docent,0.0,0.0,0.0,2.0696023041617798e-18,0.2773491385911855,0,0,0,1,0
61,1,Bas,1,1,3,1,1,4,1,docent,0.7619047619047619,0.025472925767043412,251673.68421052626,0.3736724977018731,0.2132016582567342,0,0,0,1,1
61,3,Johan,1,1,3,1,1,4,1,arts,0.7619047619047619,0.06737879497277993,273245.71428571426,0.3029710932921631,0.2132012760919371,0,1,1,0,0
61,4,Reindert,1,1,2,1,1,4,1,kunstenaar,0.7142857142857142,0.01826316074215234,251673.68421052632,0.3263682458323577,0.2132014034801943,1,0,0,1,1
61,5,Ella,2,1,2,1,3,4,1,kunsthistoricus,0.7619047619047619,0.024459369074583584,265655.5555555555,0.31223681980767753,0.21320136101727277,4,2,2,4,4
61,11,Medy,2,1,99,99,99,4,99,99,0.47619047619047616,0.019516451654885972,265655.5555555555,0.18852869066982994,0.2132006816131833,0,1,1,0,0
61,12,Rosa,2,1,99,99,99,1,99,99,0.47619047619047616,0.06468892010245395,281282.3529411764,0.13284711934578144,0.21320055422405498,0,1,1,0,0
61,13,Tamar,2,1,99,99,99,1,99,99,0.5714285714285714,0.02520438944808692,258475.67567567562,0.18841613283781145,0.21320085146337264,0,1,0,0,0
61,19,Linus,1,1,99,1,99,1,99,99,0.2857142857142857,0.018489517018928786,227704.76190476186,0.0877420939311344,0.21320025698483877,0,0,0,0,0
62,3,Katja,2,1,3,1,3,6,99,99,0.8333333333333333,0.0,149288.86956521738,0.4541129500855235,0.27735169744194854,1,0,1,1,1
62,7,Cas,1,1,3,1,3,99,2,smid,0.3333333333333333,0.09090909090909091,143068.5,0.16657586457678134,0.27734961346579634,0,1,0,0,0
66,1,Mehmet,1,5,9,5,9,1,99,scholier/herder/groenteman,0.6428571428571428,0.06355311355311356,246018.8571428572,0.3949905790954153,0.2581992593923701,2,2,1,2,2
66,2,Selim,1,5,12,5,12,5,2,herder,0.7142857142857142,0.1728937728937729,284863.9398496241,0.36698032242390266,0.25819921032435905,1,1,0,1,1
66,3,Asme,2,5,12,5,12,3,2,huisvrouw,0.0,0.0,0.0,-2.8621273295183233e-17,0.2581984252369203,0,0,0,0,0
66,4,Yusuf,1,5,12,5,12,1,2,ober,0.5,0.0021978021978021982,246018.8571428572,0.223159622558194,0.2581989649843975,1,0,0,1,1
66,5,Hemo,1,5,12,5,12,6,2,herder,0.5714285714285714,0.03974358974358975,257734.0408163266,0.26570700267656894,0.2581990140524831,1,0,0,1,1
66,9,Atilla,1,5,9,5,9,99,2,slager,0.5714285714285714,0.08864468864468865,270620.7428571429,0.3163544380208801,0.25819906312054064,2,2,2,2,2
66,10,Wusar,1,5,9,5,9,99,2,boer,0.42857142857142855,0.05897435897435899,284863.9398496241,0.13025007789615697,0.2581987196446877,1,3,4,1,1
66,12,Hakan,1,5,9,5,9,1,99,scholier,0.3571428571428571,0.0,193300.53061224494,0.30635577932893276,0.25819901405265094,0,0,0,0,0
67,1,Weijntje,2,99,99,99,99,1,1,scholier/muzikant/actrice,0.8571428571428571,0.034920634920634915,106561.71428571429,0.4158251521956191,0.3535538882665782,1,1,1,1,1
67,2,Sijmen,1,99,99,99,99,99,1,fotograaf,0.7142857142857142,0.025396825396825393,100953.2030075188,0.4150737648764075,0.3535536986772336,2,3,1,1,2
67,3,moeder,2,99,99,99,99,99,2,huisvrouw,0.8571428571428571,0.009523809523809525,100953.2030075188,0.46996072947529954,0.35355407785686327,1,0,0,1,1
67,4,Laura,2,99,99,99,99,1,99,scholier,0.7142857142857142,0.025396825396825393,112830.05042016807,0.4236144137541167,0.35355369867736064,0,0,1,1,1
67,5,Isa,2,99,99,99,99,1,99,scholier,0.5714285714285714,0.0,73773.4945054945,0.3908706343526494,0.3535535090874315,0,0,1,0,0
67,6,juffrouw Verbeet,2,99,99,99,99,99,1,muzikant/docent,0.0,0.0,0.0,1.7572581182399867e-17,0.353552181954699,0,0,0,1,0
69,3,Nathalie,2,1,99,1,3,3,1,teamleider ziekenhuis,0.6,0.0954319153069153,238955.8334693877,0.30936905117798486,0.19611688617138706,1,1,1,1,1
69,4,Jim,1,1,99,1,3,2,1,journalist,0.48,0.12465155677655679,272298.5079069767,0.11643258014208072,0.19611607576682413,1,2,2,0,0
69,5,Niels,1,1,99,1,3,99,1,dokter,0.4,0.017982591482591487,209086.35428571425,0.2031636338439529,0.19611638449266772,0,0,0,1,2
69,7,Levi,1,1,99,1,3,99,1,teamleider ziekenhuis,0.68,0.09556960169460173,249124.16680851058,0.3569829982402594,0.19611684758147105,2,1,1,2,2
69,25,Vlaskamp,2,1,99,1,99,5,1,hoofd verloskunde/gynaecoloog,0.4,0.06779527417027419,229585.0164705882,0.2041476516088722,0.19611623013067234,0,0,0,0,0
70,1,Abel,1,1,3,1,3,1,1,student,1.0,0.17887437448840957,849296.3461538466,0.3947488472728631,0.22360713445032773,1,1,1,1,1
70,12,Job,1,1,3,1,3,1,99,scholier,0.42105263157894735,0.016216889023906562,690053.2812500002,0.08650256889125535,0.22360674964988292,0,0,0,0,0
72,1,Herman,1,1,1,1,1,5,1,journalist,0.375,0.03571428571428571,108854.94117647059,0.458547536521596,0.33333345592039954,2,2,1,2,2
72,2,Laila,2,5,99,1,1,2,2,prostituee,0.625,0.5,168230.36363636365,0.5709450013267791,0.33333367657721696,1,1,1,1,1
72,3,Mohammed,1,5,99,1,1,2,99,penningmeester moskee,0.375,0.21428571428571427,123368.93333333332,0.3370190137508587,0.33333345592039954,1,1,1,1,1
72,4,El Hamn,1,5,99,1,1,99,2,slager,0.0,0.0,0.0,-1.9345343027670587e-16,0.3333330146067648,0,0,0,0,0
72,8,Paultje,1,1,99,1,1,5,1,journalist,0.125,0.0,74021.35999999999,0.18828850140441014,0.33333323526358216,0,0,1,0,0
73,1,ik,1,1,3,1,3,1,99,scholier,0.9333333333333333,0.002380952380952381,109463.9724137931,0.5035618380665962,0.2500037431617438,2,0,1,2,2
73,8,Richard,1,1,99,1,3,1,99,scholier,0.4666666666666667,0.014625850340136054,105815.17333333331,0.10952130817413365,0.24999931824667498,0,1,0,0,0
73,12,Tom,1,1,99,1,3,1,99,scholier,0.4,0.022063492063492066,126978.20800000001,0.07771394247740311,0.24999900953100923,0,1,1,0,0
75,5,Jacob,1,1,99,1,99,5,99,99,0.375,0.0,44395.63333333333,0.3317725081506187,0.3333332311387036,0,0,0,1,1
75,7,Markus,1,1,99,1,99,2,1,docent,0.625,0.17857142857142855,66593.44999999998,0.2220050614406196,0.3333332311358838,1,1,1,0,0
77,5,Louis,1,3,99,99,99,99,99,99,0.5,0.16666666666666666,95358.84895833336,0.10942732681832418,0.33332910067241717,1,1,1,1,1
77,6,Christian,1,1,99,1,2,2,1,kunstenaar,0.0,0.0,0.0,-3.0624470978500707e-16,0.3333270487405419,0,0,0,0,0
78,1,Durand,1,3,7,3,7,5,1,grootindustrieel,0.8571428571428571,0.009157509157509158,162537.43999999997,0.37807668235039343,0.25819981531109854,2,0,0,2,2
78,2,Nora,2,1,99,1,1,99,1,antiquair,0.9285714285714285,0.0903976975405547,184701.63636363632,0.3682360114379136,0.25819973860681383,1,0,0,1,1
78,3,Malinobre,1,3,7,3,7,6,1,baron/historicus,0.7857142857142857,0.04526425954997383,193496.95238095237,0.2712445870124607,0.25819897156517496,0,1,1,0,0
78,4,André,1,3,99,3,7,1,1,student,0.3571428571428571,0.0,126982.37499999997,0.1459403473465251,0.25819835793000906,0,0,0,0,0
78,14,Lamotte,1,3,99,3,7,99,1,inspecteur,0.6428571428571428,0.14560439560439561,225746.44444444444,0.1681762378970798,0.2581984346345671,1,3,3,1,1
80,1,Nodieu,1,6,13,4,10,1,2,verkoper,0.125,0.005555555555555555,72206.38786764705,0.06559764453976542,0.242535036642695,1,2,1,1,1
80,5,Jesulá,2,6,13,6,13,2,2,prostituee,0.375,0.0736111111111111,94423.73798076923,0.2644796468685259,0.2425357312742029,1,1,1,1,1
80,6,Hubèrt,1,3,99,6,99,3,2,automonteur,0.5625,0.09652777777777777,98200.6875,0.43575294815504734,0.24253656483129618,1,1,1,1,1
80,11,Tibídín,1,6,13,6,13,99,2,drugsdealer,0.0,0.0,0.0,-6.125749132956945e-17,0.24253475878993264,0,0,0,0,0
80,12,Vilná,2,6,13,6,13,1,2,prostituee,0.375,0.023611111111111107,87679.18526785713,0.42964514302652884,0.24253628698020502,0,0,0,0,0
80,13,Maksáens,1,6,13,6,13,1,2,visser,0.25,0.0,79194.10282258064,0.05967347181441225,0.24253531449394533,0,0,0,0,0
80,14,Ivèns,1,6,13,6,13,1,2,scholier,0.4375,0.16215277777777776,106739.8777173913,0.1337246339959405,0.24253573127229303,1,1,0,1,1
80,15,Julebèrt,1,6,13,6,13,1,2,boer,0.5,0.128125,102292.38281249999,0.22530223998350982,0.24253587019946996,1,1,0,1,1
80,16,Lowènski,1,6,13,6,13,1,2,magiër,0.3125,0.0045138888888888885,87679.18526785713,0.10149904194352356,0.24253545342040606,2,1,4,2,2
80,17,Larieu,1,6,13,6,13,1,2,99,0.25,0.003819444444444444,74394.46022727272,0.2249400193314137,0.24253559234790134,1,1,1,1,1
83,1,Laura,2,1,99,1,1,2,1,belangrijke functie in bedrijf,1.0,0.11111111111111112,19902.53717754173,0.7034422202245607,0.2294574059939969,3,2,0,3,3
83,2,Boudewijn,1,1,3,1,2,3,2,magazijnmedewerker,0.8333333333333333,0.5141612200435729,33204.48607594937,0.42014118358346453,0.2294214203467909,4,4,4,3,4
83,3,Esther ,2,1,99,1,2,2,1,rechercheur,0.05555555555555555,0.0,2250.86185000858,0.42578254210706634,0.2294200036142616,0,0,0,1,0
83,4,Antonie,1,1,99,1,2,2,1,beurshandelaar,0.2777777777777778,0.1067538126361656,31989.687804878045,0.174787537990454,0.22941465014422618,1,1,1,2,2
83,5,Alex,1,1,99,1,99,99,1,99,0.2222222222222222,0.0,28450.69848156182,0.16298583587983562,0.2294144296907458,0,0,1,0,0
83,6,Roger,1,1,99,1,99,99,1,rechercheur,0.16666666666666666,0.0,30716.093676814984,0.05692446115242936,0.22941181603798613,0,0,1,0,0
83,8,Paul,1,1,99,1,99,99,1,hulp rechercheur,0.2777777777777778,0.11111111111111112,31989.687804878045,0.0924845547159602,0.2294127292360652,0,1,1,0,0
83,13,Nathalie,2,1,99,1,99,1,99,99,0.2222222222222222,0.0,30572.895104895106,0.043930844618040664,0.22941162706674684,0,0,1,0,0
83,14,Marie,2,1,99,1,99,1,99,99,0.2222222222222222,0.0,29017.194690265485,0.08255997768736925,0.2294125717664806,0,0,0,1,1
83,17,Benny,1,1,99,1,99,1,99,scholier,0.2222222222222222,0.0,30933.42452830189,0.0567747197659858,0.22941197344283557,0,0,1,0,0
83,18,Klaas,1,1,99,1,99,3,99,99,0.2222222222222222,0.0,27612.15157894737,0.09713872457923726,0.2294130125980121,0,0,0,1,1
84,1,ik,1,4,99,4,10,3,2,eigenaar vechtclub/kok/liftbediende/barkeeper/hulp slachthuis,1.0,0.0,81125.0,0.5756899176506216,0.3535560599437046,3,0,2,3,3
84,2,Lauretta,2,3,12,4,10,99,99,99,0.8571428571428571,0.07142857142857142,94645.83333333333,0.3216205538157612,0.3535534450676931,0,1,0,0,0
84,3,Mayer,1,4,99,4,10,5,1,makelaar,0.8571428571428571,0.0,94645.83333333333,0.45430063348923894,0.3535543166982233,1,0,2,1,2
84,4,Paaluk,1,6,99,4,10,99,99,crimineel,0.5714285714285714,0.0,56787.49999999999,0.47022811811401777,0.35355409879552635,0,0,0,1,0
84,8,Pierre,1,3,99,4,10,99,99,dichter,0.5714285714285714,0.08730158730158728,103250.0,0.08808905103507131,0.35355170181039314,0,1,0,0,0
85,1,Ton,1,1,3,1,3,5,2,hovenier,0.2222222222222222,0.003112356053532524,168311.7333333333,0.11507805819345059,0.22941553337267756,0,1,1,2,2
85,2,Piet,1,1,3,1,3,6,99,gepensioneerd,0.4444444444444444,0.028737420894283643,180333.99999999994,0.4658308737126627,0.22941652284259195,1,1,1,2,1
85,3,Annie,2,1,3,1,3,6,99,gepensioneerd,0.611111111111111,0.07275132275132276,219537.04347826078,0.49488282943161915,0.22941681968202884,1,1,1,2,2
85,4,Jan,1,1,3,1,3,6,99,bakker/magazijnmedewerker,0.4444444444444444,0.003994190268700073,153010.66666666663,0.4346796619629485,0.22941657231499038,2,2,1,3,2
85,5,Trees,2,1,3,1,3,6,99,ober,0.4444444444444444,0.03636269322543832,180333.99999999994,0.29041690974224665,0.2294160775807213,1,1,1,1,1
85,6,Maria,2,1,3,1,3,6,2,bibliothecaresse,0.7777777777777777,0.1508195870940969,240445.33333333326,0.39347387068941225,0.2294167702071339,6,6,6,3,5
85,7,Wout,1,1,3,1,3,99,2,huisbaas,0.5,0.08116505861603901,229515.99999999997,0.1444787346767243,0.2294157807390866,1,1,1,1,1
85,9,Pen,1,1,3,1,3,99,99,afdelingshoofd Wonen Landelijk,0.5,0.008896151053013798,174115.58620689652,0.21057977638225112,0.22941602810630649,1,1,1,1,1
85,10,Vos,1,1,3,1,3,2,1,wijkagent,0.2222222222222222,0.0013071895424836603,187013.037037037,0.06390540385292015,0.22941543442538417,0,0,1,0,0
85,11,Cota,1,1,99,1,99,99,1,directeur woningcorporatie,0.2222222222222222,0.02962962962962963,194205.8461538461,0.054650086078044266,0.2294153849519935,0,1,1,0,0
85,13,Kees,1,1,3,1,3,6,99,99,0.2777777777777778,0.0032679738562091504,140259.77777777772,0.11677240867348543,0.22941563231912807,0,0,0,0,0
86,1,Catho,2,99,99,3,6,1,2,verkoper,0.6666666666666666,0.15277777777777776,131084.69841269837,0.3132362436478397,0.31622815812586724,2,2,1,2,2
86,5,Het meisje met de vlek in haar bovenlip,2,99,99,3,6,1,2,oppas,0.0,0.0,0.0,-4.2442697546616805e-17,0.3162270553175602,0,0,0,0,0
86,10,Jean,1,3,99,3,6,99,99,99,0.3333333333333333,0.05416666666666666,141168.13675213675,0.10375462087290115,0.3162274229204716,0,0,1,0,0
87,1,Tula,1,6,13,6,13,99,2,slaaf,0.6666666666666666,0.11232492997198879,94129.58333333333,0.5438400310561611,0.2294186307596018,3,3,3,1,3
87,2,Speransa,2,6,13,6,13,99,2,slaaf,0.4444444444444444,0.02505446623093682,74312.82894736843,0.37809422394517894,0.22941680283715654,1,1,1,0,1
87,3,Louis,1,6,13,6,13,99,2,slaaf,0.5555555555555556,0.22125739184562712,108611.05769230772,0.3907915256493933,0.22941710749100233,2,2,1,1,2
87,5,Jorboe,1,6,13,6,13,99,2,slaaf/dorpoudste,0.3333333333333333,0.0,56477.74999999999,0.3835099107535948,0.22941680283684188,1,0,1,0,1
87,6,Rosita,2,6,13,6,13,99,2,slaaf,0.2777777777777778,0.0,74312.82894736844,0.29189937308097264,0.22941609197635504,1,0,1,0,1
87,7,Willem van Uytrecht,1,1,99,6,13,99,99,slavendrijver,0.0,0.0,0.0,4.83668821095973e-17,0.22941477179851202,0,0,0,5,0
87,10,Pedro,1,6,13,6,13,1,2,slaaf,0.2777777777777778,0.008621226268285091,88246.484375,0.16558806150200753,0.22941568576652238,0,0,0,0,0
87,11,Lesire,2,3,99,6,13,4,99,99,0.4444444444444444,0.2681917211328976,117661.97916666667,0.07251365239805654,0.2294155842105355,1,1,0,1,1
87,13,Pieter,1,1,99,6,13,99,99,99,0.16666666666666666,0.0021786492374727667,78441.31944444445,0.0043927908738504474,0.22941507645199818,0,0,0,0,0
87,15,Cornelius,1,1,99,6,13,99,99,burgerwacht,0.16666666666666666,0.0021786492374727667,78441.31944444445,0.006292197812937344,0.22941507645208808,0,0,1,1,1
87,16,Schinck,1,1,99,6,13,99,1,pater,0.16666666666666666,0.006286959228135699,78441.31944444445,0.09583657373757053,0.2294151780076704,1,1,1,0,1
87,17,Van Westerholt,1,1,99,6,13,99,1,baron/kapitein leger,0.0,0.0,0.0,3.8764531878898e-18,0.22941477179851202,0,0,0,2,0
87,18,Codjo,1,6,13,6,13,1,2,slaaf,0.2777777777777778,0.11282290694055404,97375.43103448275,0.08883237919864637,0.2294152795579484,0,0,1,0,0
88,3,Ilona,2,1,99,1,99,5,2,ijzerhandelaar,0.23809523809523808,0.02142857142857143,27027.888130968626,0.017299350619460047,0.21319718014115585,0,0,1,0,0
88,4,Mireille,2,1,99,1,99,99,99,99,0.42857142857142855,0.07460317460317462,26808.446549391072,0.07969723480841394,0.21319901092535995,1,1,0,1,1
88,6,Germaine,2,1,99,1,99,6,99,koerier,0.5238095238095237,0.0,26954.34285714286,0.6035166847301823,0.21321268558425896,2,0,1,2,2
88,10,Liza Le Roux,2,1,99,1,99,3,99,koerier,0.047619047619047616,0.0,3235.5776580107804,0.25085504170306255,0.21320271792531942,0,0,1,2,2
88,11,Ninette,2,1,99,1,99,99,99,naaister,0.23809523809523808,0.08412698412698413,26450.52336448598,0.06194018537046899,0.21319837806338882,2,2,1,1,2
88,12,Fanny,2,1,99,1,99,1,99,99,0.2857142857142857,0.007936507936507936,25931.206806282717,0.05665961745731002,0.2131983102440539,2,2,1,1,2
88,13,Regina Hellegeest,2,1,99,1,99,3,1,schooljuffrouw,0.047619047619047616,0.0,10634.161030595813,0.05222261091216174,0.2131979034673706,0,0,0,1,1
88,14,Mariette Vanturenhout,2,1,3,1,99,3,99,99,0.047619047619047616,0.0,17961.41613780598,0.016785839221766265,0.21319704454999006,0,0,1,0,0
88,15,Jeanne Grauwels,2,1,99,1,99,3,99,verzetsstrijder,0.047619047619047616,0.0,12839.56059624109,0.037301864937258386,0.2131975418179472,0,0,0,1,1
88,16,Eugénie Verstappen,2,1,99,1,99,1,99,verzetsstrijder/typist,0.047619047619047616,0.0,14751.632166790767,0.027976398702943783,0.21319731578705764,0,0,0,1,1
88,17,Lucrèce,2,3,99,1,99,99,99,non,0.19047619047619047,0.006349206349206349,25897.30980392157,0.031080903543881582,0.21319745138108834,2,2,1,1,1
88,18,Anna Sas,2,1,99,1,99,99,1,bestuurslid politieke partij/verslaggever,0.047619047619047616,0.0,18293.1135734072,0.015853292598334814,0.21319702194690113,0,0,1,0,0
88,19,Frau Nimsch,2,3,99,1,99,99,99,wachtmeester,0.047619047619047616,0.0,9244.723285114327,0.06527826364020219,0.21319821991061608,0,0,10,8,6
88,20,Irma Grese,2,99,99,1,99,99,99,opzichter,0.047619047619047616,0.0,16746.781065088755,0.020516025715492107,0.2131971349623459,0,0,3,2,2
89,2,Jurriaan,1,1,2,6,12,6,1,muzikant,0.9,0.09111111111111113,136288.69565217392,0.533089168948776,0.30151308468620247,1,1,1,1,1
89,3,Jettie,2,1,2,1,99,6,99,99,0.5,0.0,108091.03448275862,0.4305263962898106,0.30151183425998107,0,0,0,0,0
90,1,Ted,1,1,3,1,3,1,99,scholier,0.5,0.20238095238095236,130698.0,0.5270043201670365,0.33333362663003563,3,3,3,3,3
90,2,meneer Timmermans,1,1,3,1,3,6,1,reclametekenaar,0.0,0.0,0.0,-3.697282672994838e-17,0.3333330527885317,0,0,0,0,0
90,3,moeder,2,1,3,1,3,3,99,huisvrouw,0.5,0.25595238095238093,145220.0,0.47359448862631803,0.33333362663003563,1,1,1,1,1
90,4,Kasper,1,1,3,1,3,2,2,hulp bakker ,0.375,0.023809523809523808,108915.0,0.5021428751942709,0.3333335118617348,0,0,0,1,1
90,5,Melcher,1,1,3,1,3,2,1,fabrieksengineer,0.125,0.0,68788.42105263157,0.2552080360129419,0.33333328232513326,0,0,1,0,0
90,6,Ronnie,1,1,3,1,3,1,99,scholier,0.25,0.023809523809523808,108915.0,0.21815363809340038,0.33333328232513326,1,1,1,1,1
90,7,Gerard,1,1,3,1,3,1,99,scholier,0.375,0.07738095238095237,118816.36363636363,0.3360693627860686,0.33333339709343407,0,1,1,0,0
91,2,Albèrt,1,2,5,1,3,6,1,mijnwerker/wielrenner,0.0,0.0,0.0,6.118349161779581e-17,0.3162273904538895,0,0,0,3,0
91,3,Ana María Quintero,2,3,7,1,3,6,2,huishoudster,0.0,0.0,0.0,-1.2741799975135967e-16,0.3162273904538895,0,0,0,0,0
91,4,Frans,1,2,5,1,3,6,99,99,0.3333333333333333,0.013888888888888888,81795.42857142858,0.5935588420332452,0.31622827413127497,2,2,2,1,2
91,7,Berden,1,2,5,1,99,99,99,wielrenner,0.2222222222222222,0.0,67360.94117647059,0.3556335881244497,0.31622783229275586,1,0,1,0,1
92,1,Pek,1,1,3,1,3,1,2,eigenaar sloopbedrijf,0.5454545454545454,0.03333333333333333,112189.09090909091,0.1982710355396464,0.28867476617045545,1,3,1,1,1
92,2,Broer,1,1,3,1,3,1,2,eigenaar sloopbedrijf,0.8181818181818182,0.0,100970.18181818181,0.44936465095434514,0.2886767661807151,4,0,0,4,4
92,3,Tinus,1,1,3,1,3,1,2,sloper,0.6363636363636364,0.028787878787878786,126212.72727272728,0.3726450410346777,0.28867571354641913,0,2,1,0,0
92,4,Vollemondt,1,1,3,1,3,1,2,sloper,0.6363636363636364,0.0,96162.07792207792,0.4368878305608311,0.2886762398646802,1,0,4,2,2
92,5,Volcker,1,1,3,1,3,1,2,sloper,0.7272727272727273,0.02424242424242424,112189.09090909091,0.4472730589095249,0.28867634512834783,3,2,1,3,3
92,6,Perrer,1,1,3,1,3,5,2,aannemer,0.7272727272727273,0.11212121212121211,134626.9090909091,0.3066357878768547,0.2886756082805637,1,2,2,1,1
92,11,Beer,1,1,3,1,3,1,2,sloper,0.4545454545454546,0.0,100970.18181818181,0.19802662800901075,0.28867476617010995,0,0,0,0,0
93,1,Ignatz,1,3,99,3,6,99,1,geheim agent/psychiater,0.8461538461538463,0.045726495726495724,105767.44444444444,0.33097706697380785,0.2672623058833542,1,0,0,1,1
93,2,Franz,1,3,99,3,6,1,99,jezuïet/crimineel,0.8461538461538463,0.02106227106227106,95190.7,0.41509253582902755,0.2672629592021829,1,0,1,1,1
93,3,Jelena,2,3,99,3,6,2,2,prostituee,0.6923076923076923,0.0018315018315018313,86537.0,0.34420199801599466,0.26726217522200313,0,0,1,1,1
93,4,Paul,1,3,99,3,6,6,1,crimineel/fotograaf,0.6923076923076923,0.014346764346764346,86537.0,0.3726992707585734,0.2672624365499434,0,0,1,1,1
93,5,Schani,1,3,99,3,6,4,99,crimineel/religieus leider,0.7692307692307693,0.0,86537.0,0.42757211900094777,0.26726308986487546,1,0,1,1,1
93,8,Elisabeth,2,99,99,3,6,99,1,anarchist,0.8461538461538463,0.04358974358974359,100200.73684210527,0.29838207935721656,0.26726204455566943,3,0,0,3,3
93,10,Felix,1,99,99,99,6,99,1,arts,0.6923076923076923,0.0777167277167277,111989.05882352941,0.1882304163094201,0.26726086858536785,0,6,2,0,0
93,11,Leo,1,99,99,3,6,99,99,anarchist,0.6153846153846154,0.13574481074481073,126920.93333333333,0.11009621422467364,0.2672603459289123,0,1,1,0,0
93,12,Amanda,2,99,99,3,6,99,99,anarchist,0.5384615384615385,0.08018925518925517,118988.375,0.09198007745976343,0.26726021526487825,0,1,1,0,0
94,1,Maan,2,1,99,1,3,2,1,talentenwerver,0.625,0.18392857142857144,192577.96249999997,0.4026695637810215,0.3333334511307832,1,1,1,1,1
94,9,Dirk,1,1,99,1,3,99,1,psycholoog,0.5,0.11369047619047619,175070.875,0.2851111894303982,0.33333334511297563,0,0,0,0,0
96,1,Nico,1,1,3,1,3,99,2,veerbootchauffeur,0.5,0.13333333333333333,24323.76,0.39268048515918724,0.37796504572843836,3,3,1,1,3
96,2,Geesje,2,1,3,1,3,1,99,scholier,0.5,0.0,14831.560975609755,0.612567654581759,0.3779668171645667,1,0,1,0,1
96,5,Van der Wal,1,1,3,1,3,3,1,docent,0.0,0.0,0.0,1.5609311640429862e-16,0.3779627148840959,0,0,0,2,0
96,6,Kassandra,2,1,3,1,3,1,99,scholier,0.16666666666666666,0.0,67566.0,3.3362409459714865e-17,0.3779628081170849,0,0,1,1,0
96,7,Sheila,2,1,3,1,3,1,99,scholier,0.16666666666666666,0.0,67566.0,-2.7674209884627464e-17,0.3779628081170849,0,0,1,0,0
99,2,Justus,1,1,99,1,99,5,1,muzikant,0.8333333333333333,0.0,16401.73611111111,0.6907389231648505,0.3779833904286265,1,0,0,1,1
99,6,Stemvork,1,1,99,1,99,99,1,frater,0.3333333333333333,0.26666666666666666,32803.47222222222,0.06900775922944562,0.37795738577831756,0,1,1,0,0
101,1,Hugo,1,1,99,3,99,4,1,diplomaat,1.0,0.0,55743.20689655173,0.6940392230811332,0.31625408622199586,2,0,2,2,2
101,5,Dorien,2,1,99,99,99,4,1,arts,0.5555555555555556,0.08796296296296295,222972.8275862069,0.04581373770271436,0.31622142760426286,0,1,0,0,0
101,9,Brigitte,2,1,99,1,99,99,1,diplomaat,0.5555555555555556,0.18055555555555555,230936.1428571428,0.041397981438317466,0.31622129555448975,0,1,0,0,0
102,2,Beruz,1,5,8,1,3,99,1,eigenaar fabriek,0.1,0.0,60141.25384615384,0.013850435798727275,0.3015109044154936,0,0,0,0,0
102,6,Kian,1,5,8,1,3,1,99,scholier,0.4,0.14444444444444446,86870.7,0.29441038101645584,0.3015113729753961,1,1,1,1,1
103,1,Zelda,2,1,99,1,99,1,1,student,0.7777777777777777,0.1111111111111111,118826.06896551723,0.5232231123018273,0.3162296325763653,1,1,0,2,2
103,2,Omar,1,1,99,1,99,1,99,scholier,0.5555555555555556,0.0,63814.0,0.3690200752600875,0.3162283937090886,0,0,1,0,0
103,3,Matussek,1,3,99,1,3,3,1,docent,1.0,0.4861111111111111,143581.5,0.5000481885340445,0.31622963257453185,1,1,1,0,0
104,1,Maria,2,1,3,1,3,2,1,eigenaar boekhandel,0.7857142857142857,0.01878597592883307,257192.3846153846,0.30096714692137266,0.2581991528237606,1,1,1,1,1
104,15,Jaap,1,1,3,1,3,1,1,scholier/barman/politicus,0.21428571428571427,0.011172161172161172,222900.06666666665,0.0625448957765587,0.2581982879132184,0,0,0,0,0
105,1,Michael,1,1,99,1,99,4,2,chauffeur,1.0,0.024494949494949497,199874.5,0.49857190728554207,0.2773515764620039,1,1,1,1,1
105,9,Dennis,1,99,99,1,99,99,99,crimineel,0.5,0.0030303030303030307,184499.53846153847,0.1899253371341289,0.27734977255453575,0,0,0,0,0
106,1,Ífisa,2,6,12,6,12,1,99,99,0.5,0.022222222222222223,304508.695652174,0.5242779348552152,0.3015115891818875,1,0,0,2,2
106,7,Iusto,1,6,12,6,12,4,1,hoogleraar,0.5,0.07222222222222223,350185.0,0.44501495754340037,0.3015115030811849,2,1,2,2,2
106,9,Sélidia,2,6,99,6,12,2,2,99,0.30000000000000004,0.12222222222222223,333509.52380952385,0.07552264334644068,0.301511094103141,0,2,1,0,0
106,10,Zacharia,1,1,99,6,99,3,1,hulp drukkerij/catechiseermeester,0.4,0.17222222222222222,400211.42857142846,0.11962222484415222,0.301511158678639,0,1,1,0,0
107,3,Henry,1,3,99,1,2,4,1,lakenreder,0.7272727272727273,0.0541537827252113,548679.7520661156,0.2981509667362539,0.2085155208332432,1,2,2,1,1
107,4,Elisabeth,2,3,99,1,2,4,99,,0.5454545454545454,0.04102762317048031,513657.6402321083,0.13488415076635055,0.20851454719320878,1,1,1,1,1
107,6,Louise,2,1,2,1,2,1,99,,0.2727272727272727,0.02640692640692641,377217.32954545453,0.03764871147148155,0.20851374629984376,0,0,0,0,0
107,9,Margje,2,1,99,4,99,99,99,,0.6363636363636364,0.0764172335600907,536486.8686868686,0.1839709202674468,0.20851495549202992,1,1,1,1,1
107,12,Menno,1,1,2,1,2,3,1,arts/jurist,0.9090909090909092,0.01746031746031746,383204.9062049062,0.6096706540035801,0.20851801773752487,1,0,0,1,1
108,1,Donald,1,2,99,2,99,3,1,kunsthandelaar,0.8461538461538463,0.14871794871794872,281321.2307692308,0.4177135195642036,0.26726175972612887,1,1,0,1,1
108,2,Amanda,2,3,6,3,6,3,1,schrijver/kunstenaar,0.6153846153846154,0.038461538461538464,241132.4835164835,0.3296420556653177,0.2672614674119188,1,1,1,1,1
108,6,Zlogonje,1,2,99,2,99,99,2,kunstenaar,0.5384615384615385,0.14188034188034185,281321.2307692308,0.2748044064186451,0.26726129202341325,0,0,0,0,0
108,7,moedertje,2,2,99,2,99,6,99,99,0.0,0.0,0.0,-4.825605574446972e-17,0.2672607658571805,0,0,0,0,0
109,1,Milan,1,1,99,1,99,99,1,schrijver,0.75,0.049904874714657314,554012.5046296295,0.400725437818411,0.20000054844372717,0,0,0,1,1
109,2,Bertrand,1,1,99,3,6,99,1,schrijver,0.625,0.0290813805759458,539039.1936936937,0.36983913337548646,0.20000040688397153,2,1,1,3,3
109,3,Kees-Jan,1,1,99,1,99,99,1,schrijver,0.625,0.03206322662844401,539039.1936936937,0.36837644211267173,0.20000040688394088,0,0,0,2,1
109,4,Janine,2,99,99,3,6,99,99,model/spion,0.75,0.04927306590350068,586601.475490196,0.35151177327057725,0.2000004271066416,1,1,1,0,1
109,5,Monique,2,99,99,1,3,99,1,diplomaat/spion,0.8333333333333333,0.06257097371227807,586601.475490196,0.3725951997974103,0.20000052822078518,1,1,1,0,0
109,6,Claudia,2,6,99,99,99,99,99,activist/spion,0.75,0.05060883158709246,569841.4333333332,0.3094396619937238,0.200000366437971,1,1,1,0,0
109,8,Jean-Luc,1,99,99,1,2,99,1,officier van justitie,0.4583333333333333,0.046112459400502875,604377.2777777779,0.10121029055706554,0.1999998810894058,0,1,1,0,0
109,13,Nicolette,2,99,99,99,99,99,99,spion,0.6666666666666666,0.033592247124855805,554012.5046296295,0.29171549526664436,0.2000002855466692,1,1,1,0,0
109,18,Jeroen,1,1,3,1,99,99,1,pharmaceut,0.41666666666666663,0.010769902400337185,586601.475490196,0.06804882610360834,0.19999986086642083,1,1,1,0,1
109,21,Milton,1,4,99,4,99,99,1,pharmaceut,0.3333333333333333,0.003401915113871636,498611.2541666666,0.06902812247329337,0.19999984064361995,0,0,0,1,0
109,22,Anna,,,,,,,,,0.16666666666666666,0.0023477729999469127,474867.8611111111,0.04070537326725182,0.19999973952939865,0,0,0,0,0
111,1,ik,1,2,99,2,4,6,2,chauffeur/vliegenier/soldaat,0.75,0.42857142857142855,60544.28571428572,0.6003896759505336,0.33333502434164275,2,2,2,1,2
111,4,Martha,2,99,99,99,99,99,99,99,0.25,0.10714285714285714,49860.0,0.08886406201455696,0.333332900747615,0,0,0,0,0
111,5,meisje van de sociale dienst,2,99,99,99,99,99,1,maatschappelijk werker,0.0,0.0,0.0,7.296909602774109e-18,0.3333325468146664,0,0,0,1,0
112,1,Louis,1,2,4,2,4,2,1,etnoloog,1.0,0.0,45377.16730038023,0.703235426388146,0.2672790505484553,2,0,2,2,2
112,2,Alexis,1,6,99,6,99,6,1,historicus/priester/linguist,0.7692307692307693,0.3919413919413919,306005.0,0.3385511691307222,0.2672620197288825,2,2,2,2,2
112,3,Samuel,1,6,13,2,4,2,99,99,0.46153846153846156,0.12637362637362637,259439.02173913043,0.45835346657682674,0.26726312610959707,0,1,0,1,1
112,6,Tomas,1,6,13,6,13,2,99,tekenaar,0.38461538461538464,0.16025641025641024,238683.90000000002,0.14165478195095363,0.26725971967154066,0,1,0,0,0
112,7,Janvier,1,6,13,6,13,2,99,organisator aankoopsessies/moordenaar,0.5384615384615385,0.07295482295482296,277539.4186046512,0.2874598297136594,0.267261320986113,2,1,2,1,1
112,11,Coupez,1,3,99,99,99,6,1,linguïst,0.3076923076923077,0.0,202274.49152542374,0.11633952436717647,0.26725945763739495,0,0,0,0,0
112,14,Hulstaert,,,,,,,1,pater/hoofdredacteur,0.15384615384615385,0.1282051282051282,202274.49152542374,0.04920936447259795,0.2672586715417728,0,1,0,0,0
113,1,Werner,1,99,99,99,99,1,99,boer/controleer strontvoerder,0.0625,0.0,116791.87499999997,0.025505375819962157,0.2425348250233547,0,0,0,0,0
113,2,Botje,2,99,99,99,99,1,99,99,0.625,0.07788510101010099,194653.12499999997,0.09608014862980006,0.24253557595358616,2,2,2,2,2
113,9,Luypaarts,1,99,99,99,99,6,2,strontvoerder,0.5,0.06590698653198653,177726.7663043478,0.10915683808590841,0.24253540908088705,1,1,1,1,1
113,10,Maya,2,99,99,99,99,99,99,99,0.5625,0.03784090909090909,145989.84374999997,0.16580884920410913,0.2425357428282658,1,1,1,1,1
113,13,Vedt,1,99,99,99,99,99,1,directeur weeshuis,0.3125,0.036641414141414134,151396.875,0.06662441076819288,0.24253515877036025,1,1,1,1,1
113,15,Duizendts,1,99,99,99,99,99,99,99,0.4375,0.023181818181818182,163508.62499999997,0.08159220480746725,0.242535325643863,1,1,1,1,1
114,2,Marcus,1,6,13,1,3,6,1,docent/sergeant,0.9500000000000001,0.027243107769423555,159585.33292682923,0.4600588520064112,0.21821995707299868,2,2,1,2,2
114,18,Molenaar,1,6,13,6,13,2,99,onderluitenant,0.1,0.007894736842105263,148704.51477272724,0.03454266213787838,0.21821700731200386,0,0,0,0,0
114,20,Pattiasina,1,6,13,6,13,99,99,politicus/minister,0.30000000000000004,0.03671679197994988,186942.81857142856,0.06922599302329915,0.2182172481089137,0,1,0,0,0
114,21,Sukarno,1,6,13,6,13,99,99,politicus,0.35000000000000003,0.019799498746867168,198272.6863636364,0.08497220564513047,0.21821736850754292,1,0,1,1,1
115,1,Joris,1,2,5,2,4,2,1,copywriter,1.0,0.0,50136.58239277652,0.6965353796523589,0.22944544338178022,2,0,2,2,2
115,17,Miguel,1,3,99,2,99,99,99,muzikant,0.1111111111111111,0.0,177684.04800000004,0.032719939719754246,0.2294124231474227,0,0,0,0,0
115,18,Nicole,2,2,99,2,99,4,99,huisvrouw,0.3333333333333333,0.06209150326797386,336522.81818181823,0.02850607511097246,0.2294124045447843,0,1,0,0,0
116,1,Vero,2,1,1,5,8,2,1,acteur/model,0.4666666666666667,0.10492063492063494,287501.8965517241,0.393330717681752,0.2500001799089866,2,3,3,3,3
116,3,Brak,1,1,99,1,1,1,1,student,0.5333333333333333,0.13333333333333336,245222.20588235295,0.4779338017578704,0.25000035981769914,1,1,0,1,1
116,6,Regina,2,1,3,1,1,2,1,acteur,0.4666666666666667,0.03492063492063492,297769.8214285714,0.35762969804292316,0.25000017990885715,1,1,2,1,1
116,8,Leah,2,4,99,5,8,1,1,student/kantoormedewerker (van het leger),0.2,0.006349206349206349,260548.59375,0.0774849992105015,0.24999986506819352,0,0,0,0,0
116,13,Eddie,1,1,99,1,1,1,1,student,0.2,0.0,238215.85714285713,0.16841399482451097,0.24999991004550515,0,0,0,0,0
117,3,Carina,2,1,99,1,1,99,1,journalist/presentator,0.8571428571428571,0.18334641548927266,134456.17006802728,0.375771750551735,0.25820005247586747,2,2,0,1,2
117,4,Simon,1,1,99,1,1,99,1,cabaretier,0.7142857142857142,0.024725274725274728,97364.81280788177,0.37903097318000756,0.25819994209075414,0,0,1,1,0
117,11,Hannelore,2,1,99,1,1,99,1,journalist,0.21428571428571427,0.031135531135531136,83046.45798319328,0.07991224122171121,0.25819806553066066,0,0,1,0,0
118,1,Jimmy,1,3,99,4,10,2,2,zanger,1.0,0.4666666666666667,231638.25,0.6165120935427938,0.37796545202962806,1,1,1,1,1
118,2,Bregtje,2,1,99,1,1,99,1,communicatiemedewerker,0.6666666666666666,0.4666666666666667,231638.25,0.18878856684996784,0.377964228253169,1,1,1,1,1
118,4,Phaedra,2,99,99,99,99,99,1,presentatrice,0.3333333333333333,0.0,185310.6,0.08645219324266841,0.3779639834977504,0,0,0,0,0
118,5,Carl,1,99,99,6,99,99,1,manager,0.5,0.0,142546.6153846154,0.522789436365675,0.3779648401427655,0,0,0,0,0
119,1,Kronkjaar,1,99,99,1,99,3,1,ambtenaar,0.9090909090909092,0.3181818181818182,147906.95187165777,0.6104917931497221,0.2886771350344672,3,3,2,3,3
119,2,Anneriek,2,1,99,1,99,99,99,,0.4545454545454546,0.14181818181818182,139689.898989899,0.30513903013605,0.288675360732401,0,0,0,0,0
119,3,Jeanne,2,1,99,1,99,99,99,,0.2727272727272727,0.04363636363636363,109322.5296442688,0.23452397601010214,0.2886750476192928,0,1,0,0,0
119,5,Van Velde,1,1,99,1,99,99,1,ambtenaar,0.0,0.0,0.0,-4.380311508618721e-17,0.2886744213913028,0,0,0,0,0
119,6,Koperhorn,1,99,99,1,99,99,1,ambtenaar,0.2727272727272727,0.0,93126.59932659933,0.4413441195213542,0.2886755694753033,1,0,2,2,2
119,10,Denko,1,3,99,3,7,99,99,smokkelaar,0.4545454545454546,0.2236363636363636,139689.898989899,0.19695200086088022,0.28867504761808527,0,0,0,0,0
119,12,Walser,1,1,99,1,1,99,1,rechercheur,0.09090909090909091,0.0,96708.39160839161,0.048040724790949715,0.2886745257628672,0,0,1,0,0
120,1,Arturo,1,6,99,2,99,3,2,crimineel/veiligheidsagent,0.7142857142857142,0.06254244078707197,299843.6595744682,0.33614563584949675,0.18569596284580597,7,4,4,7,7
120,2,Claire,2,2,99,2,4,1,1,promotie medewerker/student,0.6428571428571428,0.06335092959742819,313170.0444444446,0.2659851570860837,0.18569570458144108,7,4,5,7,7
120,3,Lenka,2,2,99,2,99,1,2,prostituee/crimineel,0.5357142857142857,0.07524085607652367,313170.0444444446,0.238554956898868,0.1856955201071995,8,11,9,9,9
120,4,André,1,3,99,2,99,99,99,hoteleigenaar,0.25,0.0038178234256665633,227300.83870967748,0.13857392153279735,0.18569526184253413,0,0,0,0,0
120,5,Tony,1,2,99,2,99,99,2,crimineel,0.8214285714285714,0.09846285876864773,306362.0000000002,0.40152808619268215,0.18569633179426714,12,12,10,12,12
120,6,Mossel,1,2,2,4,99,99,2,crimineel,0.6071428571428571,0.06685826061409628,320287.54545454565,0.25740973845232834,0.1856955938969709,9,9,12,9,9
120,10,Aimé,1,2,99,2,5,99,1,directeur,0.39285714285714285,0.04331428915345814,287605.142857143,0.1434631490408442,0.18569526184261473,0,0,0,0,0
120,13,Jean,1,2,99,2,5,99,1,commisaris ,0.46428571428571425,0.02368242449358229,281853.0400000001,0.19238825333395965,0.18569548321193627,2,2,3,2,4
120,14,Théo,1,2,99,2,5,99,99,medewerker kasteel,0.5,0.014183153620595263,287605.14285714296,0.21095608994844933,0.1856954463172815,0,0,0,0,0
120,15,Guy,1,2,5,2,5,6,1,baron,0.5,0.021845836668432372,299843.6595744682,0.20821476151840995,0.1856954094224361,3,2,4,4,3
120,16,Hermans,1,2,99,2,5,3,1,kunst detective,0.42857142857142855,0.06649272438838262,299843.6595744682,0.15008703960496378,0.18569529873745277,2,5,4,0,1
120,17,René,1,2,99,2,5,4,99,boer/gemeenteraadslid/eigenaar fietsmuseum,0.46428571428571425,0.04010697994124697,299843.6595744682,0.17758351475790618,0.18569533563248142,1,1,1,1,1
120,18,Antoine,1,2,99,2,5,99,99,beveiliger,0.5357142857142857,0.07309594043954455,306362.0000000001,0.18800838085187946,0.18569548321183368,3,6,4,2,4
120,20,Gizzy,1,2,99,2,5,1,99,crimineel,0.5714285714285714,0.06821206856220861,327736.09302325605,0.20526313406909286,0.18569544631717153,7,8,9,6,5
120,21,Romain,1,2,99,2,5,4,99,crimineel,0.46428571428571425,0.005746159294245194,276326.5098039217,0.19776294878413261,0.18569540942223817,4,0,3,6,4
120,22,Nathan,1,2,99,2,5,2,99,crimineel,0.3571428571428571,0.001786859524954763,256230.0363636364,0.17220524956472835,0.1856952987375994,1,0,1,2,2
120,23,Norbert,1,2,5,2,5,4,99,werfleider,0.10714285714285714,0.0,231027.08196721316,0.03347258776490494,0.18569492978804594,0,0,0,0,0
120,24,Bek,1,2,99,2,5,99,99,crimineel,0.5357142857142857,0.024722745223445503,293596.91666666674,0.2220856788088369,0.18569548321216353,6,5,4,7,7
120,26,Petit,1,2,5,2,5,99,1,agent,0.25,0.007474165311466898,242976.75862068974,0.051144299135263964,0.18569507736747148,0,2,1,0,0
120,27,Abdul,1,5,99,2,99,99,99,crimineel,0.25,0.0472308115165258,238858.50847457632,0.16987792535496618,0.18569526184290064,0,5,0,4,3
120,28,Lemaire,1,3,99,3,99,99,1,hoofdinspecteur,0.25,0.012012155937225965,271012.53846153856,0.07656738227501537,0.1856950773678307,0,2,2,0,0
120,29,Legrand,1,2,5,2,5,99,1,agent,0.25,0.007474165311466898,242976.75862068974,0.05114429913526384,0.18569507736747148,0,2,1,0,0
123,1,Lotus,2,1,3,1,1,3,1,fotograaf,1.0,0.18181818181818182,32748.525210084033,0.6972419957545724,0.28870391792353806,4,2,0,4,4
123,2,Jeroen,1,1,99,1,1,3,1,zakenman,0.8181818181818182,0.46363636363636357,87574.70786516853,0.4998746665996328,0.2886811037817629,0,1,1,0,0
123,6,Nina,2,1,99,1,2,1,2,oppas,0.36363636363636365,0.0,76413.22549019607,0.15457460157830094,0.2886723844393278,0,0,1,0,0
123,7,Thijs,1,1,99,1,2,3,99,99,0.4545454545454546,0.03636363636363636,82043.67368421053,0.09705947259896627,0.288671121333005,0,0,0,1,1
123,9,Penelope,1,1,99,1,99,3,99,99,0.4545454545454546,0.2636363636363636,89587.9195402299,0.08244929201058859,0.28867079537364987,0,1,2,0,0
124,5,vader,1,1,2,1,1,3,1,fotograaf,0.7000000000000001,0.36296296296296293,128740.725,0.42138318848965534,0.30151190506183984,1,1,0,1,1
124,7,Benno,1,1,2,1,2,99,1,bankier,0.5,0.011111111111111112,96555.54375,0.41346487560837064,0.3015117469768291,0,0,1,0,0
127,1,Floor,2,1,99,1,99,1,99,scholier,0.6000000000000001,0.2,85818.66666666669,0.3468072716966341,0.40824820589286914,1,1,1,1,1
127,3,Roos,2,99,99,1,99,1,99,scholier,0.2,0.0,57212.44444444444,0.06806069450249848,0.40824744475471214,0,0,0,0,0
128,1,Oscar,1,1,2,3,6,99,1,officier/docent,1.0,0.0,42508.99999999999,0.5726573805445873,0.5000007841454417,0,0,0,1,1
128,3,Id,1,1,2,1,2,99,1,soldaat/docent,1.0,0.0,42508.99999999999,0.5318656747979524,0.5000003920725288,0,0,0,0,0
129,1,Victor,1,1,99,1,99,1,1,student,0.0,0.0,0.0,2.0292999355726987e-16,0.4999987046749129,0,0,0,1,0
129,2,Nina,2,1,99,1,99,1,1,student,0.6666666666666666,0.0,42889.33333333333,0.5362330512829238,0.5000002590645909,0,0,1,0,0
129,3,Michael,1,1,99,1,99,1,1,student,0.6666666666666666,0.0,35091.27272727272,0.6133243452467333,0.5000006044838565,0,0,0,1,1
130,4,Fredy,2,1,99,1,2,2,99,99,0.5833333333333333,0.07287157287157288,153564.81481481486,0.21948147962481815,0.2773500466566004,1,2,1,0,1
130,5,Truusje,2,1,13,6,13,1,1,student,0.8333333333333333,0.11544011544011545,184277.77777777778,0.26499987709434414,0.27735038111517735,1,1,1,1,1
130,6,Beppie,2,1,13,6,13,1,1,student,0.0,0.0,0.0,4.460292414801535e-17,0.27734904327814724,0,0,0,1,0
130,7,Kiki,2,1,13,6,13,1,99,99,0.8333333333333333,0.05988455988455988,172760.4166666667,0.313354454693948,0.27735054834520945,1,0,1,1,1
131,1,Chris,1,1,3,1,3,3,1,onderzoeker,0.6428571428571428,0.022405372405372406,165775.5873015873,0.36295554709535927,0.2581992797045207,1,1,1,1,1
131,2,Saskia,2,1,99,1,3,3,99,99,0.5,0.00641025641025641,149198.02857142856,0.35429720981558266,0.25819927970442685,0,0,0,0,0
132,5,Willem,1,1,3,1,3,6,2,scheepsjager/verzetsstrijder,0.5,0.4666666666666667,87579.87654320987,0.14921159707690693,0.30150924640266863,2,2,2,2,2
132,9,Pot,1,1,1,1,1,99,2,scheepsjager/verzetsstrijder,0.4,0.022222222222222223,62778.49557522123,0.09240710715019684,0.30150784376917017,0,2,2,0,0
132,10,Donkerbroek,1,1,1,1,1,99,2,scheepsjager/NSB'er,0.4,0.0,62227.807017543855,0.1060629886134101,0.3015087363230433,0,0,0,1,1
132,11,Zijlstra,1,1,1,1,1,99,2,scheepsjager/NSB'er,0.4,0.0,62227.807017543855,0.09915315417566865,0.30150860880715113,0,0,0,1,1
134,1,J.J.,1,1,3,1,3,1,99,scholier/muzikant/gangster,1.0,0.15384615384615385,43374.573033707864,0.7032302024707908,0.26730108096233823,2,1,0,2,2
134,2,John,1,1,99,1,3,1,2,gangster/rapper,0.8461538461538463,0.7756410256410257,94154.56097560975,0.6401291594909344,0.26727696249490673,4,5,5,4,4
134,4,Buk,1,1,99,1,99,99,1,journalist,0.38461538461538464,0.1346153846153846,60792.708661417324,0.18285122667138753,0.2672608947828579,1,1,0,1,1
134,5,Molenaar,1,1,99,1,99,3,1,politicus,0.3076923076923077,0.1282051282051282,77206.74,0.11268053289651572,0.2672582393763537,1,1,1,1,1
134,6,De Don,1,1,99,1,99,3,1,platenbaas,0.07692307692307693,0.0,12910.82608695652,0.04670826260343952,0.2672557639976489,0,0,0,0,0
134,7,Khalid,1,99,99,1,3,99,2,pooier/gangster,0.3076923076923077,0.01282051282051282,56355.28467153284,0.1241415972579023,0.26725864442724684,0,0,0,0,0
134,8,Jiggy,1,5,99,1,3,99,2,rapper/crimineel,0.3076923076923077,0.00641025641025641,64338.950000000004,0.163076530901294,0.26726003964631573,0,0,0,0,0
134,10,Rudolf,1,1,99,1,99,99,1,eindredacteur,0.23076923076923078,0.0,70187.94545454545,0.03832790593260835,0.2672557189419274,0,0,1,0,0
134,13,Jeanine,2,1,99,1,99,1,99,scholier,0.15384615384615385,0.0,83920.36956521739,0.014559992661588698,0.2672546838037419,0,0,1,0,0
135,2,Zina,2,1,2,1,2,1,1,docent,0.8125,0.11663194444444444,183865.0,0.44423301219868755,0.24253706440357925,1,1,1,1,1
135,4,Femke,2,1,2,1,2,1,99,scholier,0.6875,0.27922453703703703,226295.38461538462,0.200157843678105,0.24253574530576247,1,1,1,1,1
135,6,Cas,1,1,2,1,1,1,1,hoogleraar,0.6875,0.012777777777777777,168105.14285714287,0.39458054271596327,0.24253660272046523,1,1,0,1,1
135,7,Erik,1,1,2,1,99,1,1,student,0.5,0.10655092592592594,196122.66666666666,0.3695299770974249,0.24253620699269673,1,1,1,1,1
135,11,Claudia,2,1,2,1,2,1,99,99,0.375,0.011574074074074073,173049.41176470587,0.15838791336653668,0.24253541553159974,0,0,0,0,0
136,1,Nicky,2,2,5,2,4,3,99,99,1.0,0.0,129591.53846153847,0.4990148149056386,0.35355493308079816,1,0,1,1,1
136,2,Chantal,2,2,5,2,5,99,99,99,0.8571428571428571,0.07596371882086167,120335.0,0.3971285602523512,0.3535537578533999,0,2,1,2,2
136,3,Nadia,2,2,5,6,99,2,2,gastvrouw,1.0,0.022675736961451243,112312.66666666667,0.48202896855392513,0.35355478617726654,1,0,0,1,1
136,5,Marcelo,1,3,99,3,99,2,2,chauffeur,0.8571428571428571,0.07596371882086167,120335.0,0.396359065424306,0.3535537578533388,0,0,0,0,0
136,8,Frank,1,2,99,99,99,99,99,reisleider,0.8571428571428571,0.43197278911564624,168469.00000000003,0.16201071350552965,0.35355228881094225,0,2,2,0,0
137,1,Steegman,1,2,5,2,5,3,1,schrijver,1.0,0.17727272727272728,158153.80952380956,0.43896612076969643,0.28868156530909755,1,1,1,1,1
137,8,Sandra,2,2,5,2,99,1,99,99,0.4545454545454546,0.0,141328.93617021275,0.07327870009370405,0.28866908669775726,0,0,0,0,0
138,1,Emma,2,1,99,1,1,2,1,tolk,0.7692307692307693,0.15427350427350428,267240.26373626385,0.49440674368254994,0.2672620407195636,3,3,3,3,3
138,2,Kris,1,1,99,1,2,99,1,rechercheur,0.6923076923076923,0.11538461538461538,255092.9790209791,0.5506468723118527,0.2672620407200738,3,3,2,3,3
138,3,Van Drie,1,1,99,1,1,4,2,crimineel,0.0,0.0,0.0,-4.463347587394887e-17,0.26726072193344275,0,0,0,0,0
138,4,Titus,1,1,99,1,1,99,2,conciërge/crimineel,0.6923076923076923,0.15,267240.26373626385,0.21238010884272143,0.2672615132046259,2,2,2,2,2
138,5,Wim,1,1,99,1,99,99,1,rechercheur,0.5384615384615385,0.054273504273504275,224481.8215384616,0.4739479906511957,0.26726172421178795,2,2,1,3,3
138,6,Dragovich,1,3,99,1,3,99,2,crimineel,0.5384615384615385,0.05213675213675213,224481.8215384616,0.2691579011662619,0.26726135495109726,1,1,1,1,1
138,9,Sanders,1,1,99,1,99,99,99,hoteldirecteur,0.3076923076923077,0.13311965811965812,255092.9790209791,0.048478452511550044,0.26726093293910547,0,0,0,0,0
138,10,Denise,2,1,99,1,99,99,99,99,0.23076923076923078,0.011752136752136752,200430.19780219786,0.12176681536999366,0.2672609329395844,0,0,0,0,0
138,11,Bleekvelt,1,1,99,1,99,99,1,rechercheur,0.23076923076923078,0.03931623931623931,215847.90532544386,0.061922501609949436,0.26726093293922,0,1,1,0,0
138,13,sr,1,3,99,99,99,99,99,crimineel,0.38461538461538464,0.10833333333333334,255092.9790209791,0.12317668419786618,0.2672610384421555,0,1,1,0,0
138,14,lk,1,3,99,99,99,99,99,crimineel,0.3076923076923077,0.008974358974358975,200430.19780219786,0.12428047739413184,0.26726103844221794,0,0,0,0,0
139,1,P.F. Thomése,1,1,99,1,2,4,1,schrijver,0.0,0.0,0.0,-2.6537249100600557e-16,0.3779643343616337,0,0,0,0,0
139,3,Peer,1,1,99,1,3,99,1,eigenaar restaurant,0.3333333333333333,0.0,69233.77777777778,0.6279630301995545,0.3779646983114729,0,0,1,1,1
139,5,de Schel,1,6,99,6,12,99,1,journalist/fotograaf,0.0,0.0,0.0,-3.4691185233792026e-16,0.3779643343616337,0,0,0,0,0
139,6,Gerd,1,3,99,3,99,99,99,99,0.3333333333333333,0.03333333333333333,103850.66666666666,0.4597008433809828,0.3779645769948598,2,3,2,2,2
140,2,Clovis,1,2,5,2,5,6,1,scheepsbouwer,0.7142857142857142,0.0,145734.1052631579,0.5794189391750156,0.3535539492157987,1,0,0,1,1
140,4,Jacques,1,2,5,2,5,6,2,scheepsbouwer,0.7142857142857142,0.47619047619047616,197782.00000000003,0.35107767245211036,0.35355359169710115,1,1,1,1,1
140,6,Bojana,2,3,99,2,99,99,99,vluchteling,0.5714285714285714,0.14285714285714285,197782.0,0.1663796970653041,0.35355305541955206,0,1,1,0,0
140,7,Abraham,1,2,5,2,5,6,99,scheepsbouwer,0.2857142857142857,0.0,115372.83333333333,0.08522205289819003,0.3535530554192809,0,0,0,0,0
141,1,Robert,1,1,99,1,3,3,1,restaurateur ,0.6470588235294118,0.013480392156862744,197216.15,0.3696578629206966,0.23570285863319845,0,0,0,2,2
141,2,Micky,2,1,99,1,3,3,1,rechercheur/privédetective,0.8823529411764706,0.00980392156862745,219129.05555555553,0.36948494391258124,0.23570311260077537,5,1,1,5,5
141,3,Katja,2,6,99,3,7,99,1,rechercheur,0.7647058823529411,0.0037056489262371614,232018.99999999997,0.29963258466473613,0.23570270625121614,3,1,0,4,4
141,4,Carsten,1,3,99,3,7,99,1,eigenaar prothesenproducent,0.7647058823529411,0.05343720821661998,281737.3571428571,0.34554022166114845,0.23570275704555688,2,1,2,2,2
141,5,Ingrid,2,3,99,3,6,99,1,onderzoeker,0.7647058823529411,0.1294176003734827,262954.86666666664,0.3690285807409798,0.23570285863313276,4,7,3,5,5
141,6,Debriek,1,1,99,1,3,4,1,ondernemer,0.7647058823529411,0.13055263772175538,303409.4615384615,0.2666702975625351,0.23570250307646942,2,4,3,1,1
141,8,Patrick,1,3,99,3,6,3,2,portier/beveiligingsmedewerker,0.5294117647058824,0.04617471988795519,272022.275862069,0.1574862285758147,0.23570209672615494,0,2,3,0,0
141,9,Sascha,2,3,99,3,6,3,2,portier/beveiligingsmedewerker,0.5882352941176471,0.09103641456582631,303409.4615384615,0.1529386903062486,0.23570209672602363,0,3,4,0,0
141,11,Sybille,2,3,99,3,6,99,1,onderzoeker,0.5882352941176471,0.07027310924369748,262954.86666666664,0.2559249494911172,0.2357023506956474,0,0,0,0,0
141,12,Molendorp,1,1,99,1,3,99,1,commissaris,0.7058823529411764,0.11472338935574229,303409.4615384615,0.22063870514927805,0.23570235069503445,2,2,1,2,2
141,13,Anouk,2,1,99,1,99,99,1,restaurateur ,0.3529411764705882,0.0021008403361344537,232018.99999999997,0.14469005515641764,0.23570194434522349,0,0,0,0,0
141,14,Auber,1,1,99,1,3,99,1,boekhouder,0.1764705882352941,0.0056460084033613436,192405.99999999994,0.08685331262106005,0.23570174116999512,0,0,0,0,0
141,17,Anderman,1,1,3,1,99,99,1,ambtenaar,0.1764705882352941,0.0077906162464985995,225389.88571428566,0.042595369392826966,0.23570163958203613,0,0,0,0,0
142,1,Viktor,1,1,99,3,6,4,1,hoogleraar,0.3333333333333333,0.05555555555555555,82102.50000000001,0.1219005518895376,0.37796355229483014,0,1,1,0,0
142,2,Vibeke,2,4,99,4,10,5,99,99,0.3333333333333333,0.0,51854.21052631579,0.35608096161078545,0.3779644730086465,0,0,0,1,1
143,1,Lucas,1,1,3,1,3,1,1,artsassistent,0.75,0.04055555555555555,344157.625,0.5104581088996586,0.24253617386674947,1,0,0,1,1
143,2,Shala,1,6,99,6,99,1,2,slaaf,0.6875,0.2947222222222222,470952.53947368416,0.27314916465598543,0.2425358086307621,0,1,1,0,0
143,3,Mijntje,2,6,13,6,13,1,1,verpleger,0.6875,0.1409722222222222,389047.75,0.3625015430019346,0.24253590824064916,1,1,1,1,1
143,5,Amada,2,6,99,6,13,1,99,slaaf/oppas,0.5,0.02236111111111111,344157.625,0.2398496839431279,0.2425357090210023,0,0,0,0,0
144,1,Sam,2,1,99,3,6,99,1,journalist,0.9333333333333333,0.008253968253968255,186403.74320987656,0.49068503930718066,0.250001525295456,6,0,0,6,6
144,2,Jur,1,1,99,3,6,99,1,journalist,0.8666666666666667,0.0673015873015873,201316.04266666665,0.44751205102798586,0.25000107095314056,1,1,0,1,1
144,5,Morris,1,1,99,1,1,99,1,galeriehouder,0.7333333333333333,0.06158730158730159,209704.2111111111,0.3157988378540281,0.25000042189027044,1,1,0,1,1
144,6,Monika,2,99,99,99,99,99,1,archivaris,0.6666666666666666,0.024920634920634923,186403.74320987656,0.2870969592063775,0.25000029207779756,1,0,0,2,2
144,7,Dieter,1,3,99,3,99,99,1,muzikant/Stasi-agent/journalist (kunst),0.4666666666666667,0.05215419501133787,228768.23030303032,0.11098010661151712,0.24999957810810972,0,1,1,0,0
144,8,Berg,1,3,99,3,6,3,1,uitgever/crimineel,0.8,0.1992743764172336,251645.05333333334,0.24364452460292174,0.25000016226485283,4,5,5,3,3
144,9,Eefje,2,1,99,3,99,99,1,muzikant,0.4666666666666667,0.1531746031746032,228768.23030303032,0.09632920663603588,0.2499995781077727,0,0,0,0,0
144,11,Neumeyer,1,3,99,3,6,6,99,politieman/ondernemer,0.6,0.02794784580498866,218821.7855072464,0.19660305475049109,0.24999990263992392,0,2,4,0,0
144,12,Hoffmann,1,3,99,3,6,5,99,politicus,0.4,0.07399092970521542,209704.2111111111,0.11045202932811439,0.24999951320205024,0,1,1,0,0
144,13,Thelma,2,1,99,1,99,99,1,journalist,0.3333333333333333,0.017233560090702947,193573.11794871793,0.12154320268857621,0.24999951320240407,0,1,1,0,0
144,16,Job,1,1,99,1,99,99,1,schrijver,0.4666666666666667,0.0108843537414966,193573.11794871793,0.1842894843055259,0.249999837733797,0,0,0,0,0
145,3,Harold,1,1,99,3,99,4,1,99,0.5,0.0,143034.91860465117,0.4897190661153339,0.25820037625023573,1,0,0,1,1
145,13,Janine,2,1,99,1,99,4,99,99,0.42857142857142855,0.14743589743589744,180897.1029411765,0.08400950044260924,0.25819839987490917,1,0,0,1,1
145,14,Karel,1,1,99,1,99,4,99,99,0.2857142857142857,0.18131868131868134,192203.17187500006,0.038710367167086646,0.258198146493801,0,1,1,0,0
146,1,Isebrand,1,1,99,1,3,2,1,consultant,1.0,0.18636363636363634,165382.87096774194,0.4915830685371471,0.2886764249462045,1,1,1,1,1
146,2,Cornelis,1,1,99,1,3,5,1,organisatieadviseur,0.6363636363636364,0.5080303030303029,256343.45,0.2372461343775237,0.2886750623349057,1,1,1,1,1
146,7,Robert,1,1,99,3,7,99,2,kunstenaar,0.2727272727272727,0.0,170895.63333333336,0.1924563240483624,0.28867487652411755,0,0,0,0,0
146,9,Manja,2,1,99,1,3,99,1,chef callcenter,0.18181818181818182,0.0,142413.02777777778,0.15126762318733863,0.28867475265013476,0,0,0,0,0
147,1,Margot,2,99,99,2,4,2,1,journalist,0.75,0.12391774891774893,171661.18749999997,0.5479139911195237,0.27735110066526114,2,1,1,2,2
147,3,Judith,2,99,99,99,99,99,1,journalist,0.5,0.06818181818181818,163486.84523809524,0.2663040979954925,0.277350204633579,1,0,0,1,1
147,5,Wen,1,6,99,99,99,99,1,spion,0.5,0.007575757575757576,143050.9895833333,0.27790159034286105,0.27735028609082857,1,1,1,1,1
147,11,Chantal,1,6,99,99,99,99,99,99,0.41666666666666663,0.21897546897546896,201954.33823529416,0.1609421942298395,0.27734987880364814,0,2,2,0,0
147,13,Hyun-Ki,1,6,99,99,99,99,1,internetondernemer,0.3333333333333333,0.0021645021645021645,137328.94999999998,0.18855595859717053,0.2773499602612564,0,0,0,0,0
148,1,Tjepko,1,1,3,1,3,3,2,bokser/crimineel,0.6000000000000001,0.18368767197714567,179766.8750000001,0.375569503864462,0.21821860556598202,3,3,3,3,3
148,3,Wiesje,2,1,3,1,99,2,99,99,0.6000000000000001,0.04618421052631579,164358.28571428577,0.3878619620014942,0.21821852969819014,1,1,1,1,1
148,4,Alice,2,1,99,1,99,2,99,arts,0.45,0.0782916206600417,179766.8750000001,0.18484235453166445,0.21821792275050078,0,0,0,0,0
148,7,Bé,1,1,99,1,99,3,99,99,0.2,0.0010526315789473684,130739.5454545455,0.12064109267193715,0.21821761927711775,0,0,0,0,0
148,8,Kobus,1,1,2,1,3,99,2,crimineel/pooier,0.5,0.027551308340782024,159792.77777777784,0.29582853724263886,0.21821830209262533,0,0,0,1,1
148,11,Tuck,1,1,99,1,99,99,99,crimineel,0.5,0.0821015826278984,174319.39393939398,0.22899358822757218,0.21821807448732425,0,1,1,0,0
148,14,Fris,1,1,99,1,99,99,99,crimineel/kweker,0.45,0.028054226475279106,155474.0540540541,0.3282517865645432,0.21821822622499173,0,0,0,1,1
148,16,Hajo,1,1,99,1,99,3,99,raadslid/loodgieter,0.15000000000000002,0.0,147501.02564102568,0.06944637258075174,0.21821746754026794,0,0,0,0,0
148,19,Karel,1,1,99,1,99,99,99,crimineel,0.2,0.007017543859649122,130739.5454545455,0.10581201996432005,0.21821761927703862,0,0,0,0,0
149,1,Gwen,2,1,5,2,4,2,1,student,1.0,0.04,189449.0,0.49107994477582917,0.30151248034188655,5,3,0,5,5
149,3,Kathy,2,2,99,2,5,3,99,99,0.8,0.008333333333333333,210498.88888888888,0.4634414754617293,0.3015120824640246,0,0,1,0,0
149,5,Vanessa,2,1,2,2,5,1,99,scholier,0.8,0.14925925925925926,252598.66666666666,0.1900553028654072,0.3015110479756823,0,1,1,0,0
149,7,René,1,2,99,2,5,99,1,student,0.6000000000000001,0.07037037037037036,199419.99999999997,0.16935137505249842,0.3015108888242225,0,1,1,0,0
149,10,Jana,2,2,5,2,5,1,1,scholier,0.7000000000000001,0.0,189449.00000000003,0.31857818371600405,0.30151152543195175,0,0,1,0,0
149,11,Monique,2,2,5,2,5,1,1,scholier,0.7000000000000001,0.007407407407407408,199419.99999999997,0.2770257991260364,0.301511366279904,0,0,1,0,0
150,1,Marlena,2,3,7,1,3,2,2,boer/hotelmedewerkster,0.6428571428571428,0.07048011512297227,68902.99717114569,0.40294336714594187,0.25820546924475024,1,1,1,1,1
150,6,Riet,2,1,3,1,3,2,2,slager,0.5714285714285714,0.0,66915.41071428571,0.17019585524764158,0.25819646510020466,0,0,0,0,0
151,1,Vera,2,1,1,3,1,3,2,fotograaf,0.5625,0.10837301587301587,278235.93750000006,0.24131419256400655,0.2425357380035065,0,1,1,0,0
151,2,Lucien,1,99,99,99,99,4,1,eigenaar schoonmaakbedrijf,0.625,0.0020833333333333333,231863.28125000006,0.39358092701613173,0.24253610574824747,1,0,0,4,4
151,5,Aron,1,3,99,3,99,3,1,reclamemaker,0.6875,0.05981481481481481,287830.28017241386,0.3648608371684545,0.24253602402721078,1,1,1,0,0
151,9,Hans,1,1,99,1,99,6,99,restauranteur/gepensioneer,0.75,0.08826058201058201,321041.4663461539,0.3792798180293875,0.24253610574806853,1,1,1,0,0
151,10,Rosalie,2,3,99,1,99,6,99,gepensioneerd,0.6875,0.06134259259259258,287830.28017241386,0.3507521421542768,0.2425359831666511,1,1,1,0,0
153,1,Ismeen,2,1,99,1,99,2,1,promovenda,1.0,0.6000000000000001,98391.61290322582,0.17691619202238687,0.4082402817329009,1,2,2,0,0
153,2,Clarissa,2,1,99,1,99,3,99,99,0.8,0.0,61002.799999999996,0.3353713935694032,0.40824536819104285,0,0,0,1,1
153,3,Gone,2,1,99,1,99,1,99,99,1.0,0.0,87146.85714285714,0.5643132168897499,0.40825346629311,1,0,1,1,1
153,4,Siegfried,1,1,99,1,99,5,1,docent,1.0,0.0,33518.02197802198,0.6960145168745036,0.4082737427896109,0,0,0,1,1
154,2,Snoep,2,1,99,1,99,99,1,bedrijfsmedewerker,0.6666666666666666,0.2569444444444444,69662.02962962963,0.5398509224701861,0.3162293148139105,1,1,1,1,1
154,6,Maria,2,1,99,1,99,99,99,,0.2222222222222222,0.0,49758.59259259259,0.1940209237470094,0.31622733762534516,0,0,0,0,0
156,1,Sanders,1,1,99,6,13,4,2,plantageleider,0.6666666666666666,0.019751597608740467,370280.56190476194,0.36093038363436325,0.21320119899038198,5,3,3,5,5
156,2,Metz,1,1,99,6,13,4,2,plantageleider,0.8095238095238095,0.040466398680684405,396729.1734693878,0.41918827635798694,0.21320138388026158,3,3,2,3,3
156,6,Klaassen,1,1,99,6,13,4,1,voorzitter Deli plantagevereniging,0.47619047619047616,0.005317460317460318,370280.56190476194,0.2056927848489948,0.21320077638472604,1,1,1,2,1
156,10,Broers,1,1,99,6,13,5,99,plantagemanager,0.6190476190476191,0.03758142650999794,411422.8465608466,0.23051437473104838,0.2132008556232309,1,1,1,1,1
156,14,Von Ritter,1,3,99,6,13,1,1,veldassistent,0.0,0.0,0.0,-8.691254880411263e-17,0.21320030095302936,0,0,0,1,0
156,15,Teng Li,1,6,99,6,13,99,2,veldassistent,0.0,0.0,0.0,-1.533229354040081e-16,0.21320030095302936,0,0,0,0,0
156,16,Ang Wei,1,6,99,6,13,99,2,hoofdtandil,0.0,0.0,0.0,-1.6272953126763636e-16,0.21320030095302936,0,0,0,0,0
156,17,Kramer,1,1,99,6,13,4,1,plantageleider,0.47619047619047616,0.0022675736961451248,358336.02764976956,0.20128469799514448,0.21320080279745848,1,0,1,1,2
156,19,Rhemrev,1,6,99,6,99,99,1,magistraat,0.3333333333333333,0.02181818181818182,396729.1734693878,0.07898527787166672,0.2132005122559064,0,2,2,0,0
156,20,Boonstra,1,1,99,6,13,99,1,plantagechef,0.3333333333333333,0.005875077303648733,347138.02678571426,0.12509469487600763,0.21320056508182936,0,1,0,0,0
156,21,Woedjonno,1,6,13,6,13,99,2,arbeider,0.2857142857142857,0.021069882498453932,396729.1734693878,0.06598429384598664,0.21320045943024196,0,1,1,0,0
156,22,Moerman,1,1,99,6,13,99,1,verentegenwoordiger,0.14285714285714285,0.005158730158730159,284831.2014652014,0.045778400291649125,0.21320038019174037,0,0,0,0,0
157,1,Jonah,1,1,1,1,3,6,2,diamantenhandelaar,0.625,0.15763888888888886,147165.1041666667,0.5300303939524336,0.2425366348718736,3,2,3,3,3
157,12,Delmonte,1,1,99,5,99,6,99,99,0.375,0.17152777777777778,147165.10416666666,0.10154622906505395,0.24253560483856826,0,1,0,0,0
157,13,Steenstra,1,1,99,1,99,99,1,arts,0.25,0.1402777777777778,132448.59374999997,0.10942350545057021,0.24253543316700893,0,0,0,0,0
157,14,Kaptein,1,1,99,1,99,6,99,99,0.1875,0.0027777777777777775,124170.55664062497,0.078070762957544,0.24253534733098625,0,0,0,0,0
158,1,Tomaso,1,1,3,3,7,1,1,student,0.8181818181818182,0.00606060606060606,135666.8181818182,0.47280933523590374,0.2886766579231541,2,1,1,2,2
158,2,Domenico,1,3,7,3,7,99,2,eigenaar boomgaard,0.8181818181818182,0.010606060606060605,143647.2192513369,0.4290313523883637,0.2886763097340597,1,0,0,2,2
158,3,mevrouw Mastromatteo,2,3,7,3,7,99,99,99,0.0,0.0,0.0,-8.401904707747445e-18,0.28867387240370557,0,0,0,0,0
158,5,Carmela,2,3,7,3,7,99,99,99,0.8181818181818182,0.04848484848484848,162800.18181818182,0.39182011468475,0.2886760485919108,2,2,2,2,2
158,10,Gianluigi Biscotti,1,3,7,3,7,99,1,arts,0.0,0.0,0.0,-8.520583493065769e-17,0.28867387240370557,0,0,0,0,0
158,11,Davide,1,3,7,3,7,99,1,docent,0.36363636363636365,0.07878787878787878,162800.18181818185,0.07320845268969542,0.2886742205942961,0,1,1,0,0
158,12,Vincenzo,1,3,7,3,7,99,2,tuinder,0.5454545454545454,0.09545454545454543,174428.76623376628,0.14296200404574755,0.288674568784703,0,1,1,0,0
159,1,Samuel,1,1,1,1,1,3,99,,0.75,0.4482323232323232,126153.17647058822,0.6323894238092246,0.2773518735935176,1,1,1,0,1
159,2,Venus,2,6,99,1,1,2,1,maatschappelijk werker,0.5833333333333333,0.09343434343434343,102124.0,0.6335305975306134,0.2773517431920126,0,0,0,1,0
160,1,Vermeer,1,1,2,1,2,3,1,architect,1.0,0.0347985347985348,256918.52941176476,0.5546138246997343,0.2582001753369511,2,1,0,2,2
160,4,Kasper,1,1,99,1,2,3,1,accountant /crimineel,0.6428571428571428,0.2271062271062271,349409.2,0.39070617064360685,0.25819922355974434,1,2,2,0,1
160,6,Olivier,1,1,99,1,2,3,1,architect,0.5714285714285714,0.023809523809523808,264703.93939393945,0.3917971860105889,0.2581992235597311,1,1,1,2,1
160,8,Teijmen,1,1,99,1,2,99,1,projectontwikkelaar/investeerder/vastgoedbaron/crimineel,0.42857142857142855,0.017137624280481423,256918.5294117648,0.22161311604081294,0.25819880974241005,0,0,1,0,0
161,1,Franny,2,1,3,1,1,6,1,letterkundige,1.0,0.0,69025.04347826086,0.4200423040690647,0.3779649219528502,0,0,1,2,2
161,2,Maud,2,1,3,1,1,6,1,hoogleraar,1.0,0.0,83556.63157894737,0.4147309475103876,0.37796477910799264,0,0,1,1,1
161,3,Birgit,2,1,3,1,2,6,1,eigenaar modellenbureau,1.0,0.0,66149.0,0.38530957059964904,0.3779646362608677,0,0,0,1,1
161,4,Ella,2,1,3,1,3,5,1,huisvrouw,1.0,0.0,69025.04347826086,0.43510297221018546,0.37796506479867953,0,0,1,1,1
161,5,Klaartje,2,1,3,1,3,5,1,makelaar,1.0,0.0,66149.0,0.4345784220652664,0.37796506479862557,0,0,0,1,1
161,6,Gitta,2,1,3,1,3,5,1,milieuadviseur/bioloog,1.0,0.1,99223.50000000001,0.2576338057076518,0.37796349349358527,0,2,2,0,0
162,1,Pontus,1,99,99,3,12,4,1,politiecommisaris,0.8333333333333333,0.5740740740740742,172428.64583333337,0.2785512207416661,0.2294170906253324,4,4,2,1,4
162,2,Samira,2,99,99,99,99,1,99,99,0.2777777777777778,0.0,79582.45192307694,0.43708651331042897,0.2294164669589214,1,0,2,1,2
162,4,de Ethiopiër,1,6,99,3,99,99,99,99,0.0,0.0,0.0,1.4315820023209521e-18,0.22941515031707957,0,0,0,5,0
162,7,Vitaly,1,99,99,3,99,99,99,99,0.2777777777777778,0.0,108902.30263157895,0.4033210481565926,0.22941632836501574,1,0,1,0,1
162,8,Alexander,1,99,99,3,99,99,2,stroper,0.3333333333333333,0.0,84454.8469387755,0.41797877947875917,0.2294164669585237,1,0,1,0,1
162,9,Akmuhammet,1,6,12,3,99,99,2,chauffeur,0.3333333333333333,0.0,111845.60810810812,0.40515954427413364,0.22941639766151856,3,0,2,1,2
162,10,de lange man,1,99,99,99,99,99,99,99,0.0,0.0,0.0,-7.497850304317948e-17,0.22941515031707957,0,0,0,0,0
162,16,Chiop,1,99,99,99,3,99,99,handelaar,0.16666666666666666,0.006535947712418301,118236.78571428571,0.039876899239690275,0.22941535820767636,0,0,0,0,0
163,1,John,1,1,99,1,3,99,1,mediabaas,0.8695652173913043,0.011586503088479371,230024.31428571435,0.20584958734635161,0.2041243298950184,2,0,1,2,2
163,2,Cees,1,1,99,99,99,99,1,regisseur,0.9130434782608695,0.018644519731476246,243965.18181818188,0.19607521016939336,0.20412427157964616,1,1,1,0,0
163,3,Mark,1,1,99,1,2,99,1,regisseur,0.9565217391304348,0.002211556559382646,201271.27500000008,0.33474071676373757,0.20412543788152673,2,0,0,2,2
163,6,Jasper,1,1,99,1,2,99,1,audiotechnicus,1.0,0.0085482150699542,211864.5000000001,0.34059576916509066,0.2041254961962826,3,0,0,3,3
163,7,Eline,2,1,2,1,2,2,99,,0.6086956521739131,0.030420808879306902,243965.18181818188,0.0986084422379921,0.20412339685366052,1,2,2,0,0
163,8,Leo,1,1,99,1,2,3,2,lichttechnicus/crimineel,0.8695652173913043,0.022353974527887573,236789.7352941177,0.20322160450938553,0.20412432989480186,1,1,1,1,1
163,9,Ronald,1,1,99,1,2,99,2,lichttechnicus/crimineel,0.5652173913043478,0.01248196248196248,206432.07692307697,0.14252617880633095,0.20412368843007195,0,1,0,1,1
163,10,Donna,2,1,99,1,99,99,2,stylist,0.6956521739130435,0.018740339590141958,236789.7352941177,0.16392831714588899,0.2041238050606165,0,2,2,0,0
163,11,Sasha,2,1,99,1,1,99,1,acteur,0.8260869565217391,0.008394646635753355,217590.56756756763,0.24022167022782143,0.20412450484145167,1,0,0,1,1
163,14,Hans,1,1,99,1,2,99,1,cameraman,0.8260869565217391,0.014520986260116693,223634.7500000001,0.2216031374223845,0.20412432989621787,1,0,0,1,1
163,16,Sofie,2,1,99,1,99,99,99,televisieproducent,0.7391304347826086,0.03051006964050442,251589.09375000012,0.15577118914534197,0.20412380505995015,0,1,1,0,0
163,18,Antonio,1,1,99,1,2,99,1,schrijver,0.7391304347826086,0.06273776728322181,277615.55172413803,0.10256484840023482,0.20412351348313892,0,1,1,0,0
163,21,Ella,2,1,99,1,2,3,1,regieassistent,0.7391304347826086,0.018883071254612752,223634.7500000001,0.1727274276807913,0.20412398000508394,0,1,0,0,0
163,22,Marco,1,1,99,1,2,4,99,acteur,0.6086956521739131,0.028565297241186564,243965.18181818188,0.09727512289501579,0.20412339685369388,0,1,1,0,0
163,23,Joost,1,1,99,1,2,99,1,opnameleider,0.6521739130434783,0.04928177882723337,259704.87096774203,0.10233444058315577,0.20412339685399375,1,1,1,1,1
164,1,Nathan,1,1,1,1,1,1,99,scholier,0.5,0.06412280701754385,433473.6000000001,0.1416408205012691,0.2182176994155837,2,2,3,2,2
164,2,Theo,1,1,99,1,1,4,1,regisseur,0.7000000000000001,0.13780701754385966,478315.6965517243,0.24541314237973258,0.2182183437909886,1,2,2,0,0
164,3,Kohn,1,1,99,1,1,4,1,crimineel,0.75,0.11719298245614035,462371.8400000001,0.5058795531974434,0.21821993459130065,3,3,3,3,3
164,4,Sonja,2,1,99,1,1,3,1,arts,0.55,0.006052631578947369,315253.5272727273,0.3918156522445236,0.21821890762157736,3,2,1,3,3
164,5,Leon,1,1,99,1,1,5,1,schrijver,0.6000000000000001,0.017324561403508767,374896.0864864865,0.3603054705770582,0.21821894789300153,0,0,0,1,1
164,6,Cohen,1,1,99,1,1,5,1,burgemeester/politicus,0.30000000000000004,0.04495614035087719,374896.0864864865,0.0380349750138867,0.21821731681632073,2,2,2,2,2
164,7,Boujeri,1,5,99,1,1,2,2,crimineel,0.7000000000000001,0.02114035087719298,365030.4000000001,0.35161919748721443,0.2182190687123078,1,1,1,1,2
164,8,Sallie,1,5,99,1,1,2,2,terrorist,0.5,0.003508771929824561,346778.88000000006,0.14565965750315785,0.21821806187483667,4,2,3,3,5
164,10,Marijke Hogeveld,2,1,99,1,1,5,1,hoogleraar,0.0,0.0,0.0,9.66740156522686e-17,0.2182170349023447,0,0,0,3,0
164,12,Kichie,1,5,13,1,1,4,2,crimineel,0.65,0.04728070175438597,396318.7200000001,0.3062536237626467,0.21821868611640438,1,1,1,0,1
164,14,Wilders,1,1,3,1,2,4,1,politicus,0.45,0.048947368421052635,396318.7200000001,0.07391873830563905,0.2182175181837451,2,2,2,2,2
164,15,Frits,1,5,99,1,1,1,99,terrorist,0.2,0.0017543859649122805,288982.4000000001,0.03068193572383791,0.21821729667950487,1,1,1,0,1
164,18,Van der Ven,1,1,99,1,99,3,1,medewerker veiligheidsdienst,0.0,0.0,0.0,4.206038391054489e-17,0.2182170349023447,0,0,0,3,0
164,21,Karel,1,5,99,1,1,2,2,terrorist,0.25,0.06456140350877193,396318.7200000001,0.021706723656402912,0.2182171959960575,1,5,3,0,1
165,1,Sylvester,1,1,1,1,1,1,2,moordenaar,0.875,0.11904761904761903,114527.80208333333,0.5737480904598029,0.3333347198639044,4,4,1,4,4
165,2,Rufus,1,1,99,1,1,99,2,caberetier ,0.875,0.11904761904761903,124939.42045454546,0.5788895184167017,0.3333347198639044,3,3,2,3,3
165,3,Lavendel ,2,99,99,99,99,99,2,prostituee,0.0,0.0,0.0,-1.5994781908300924e-16,0.3333323429513905,0,0,0,0,0
165,4,Rikkert,1,1,99,1,1,99,1,rechercheur,0.375,0.023809523809523808,114527.80208333333,0.13064019506233018,0.3333327886231159,0,0,0,0,0
165,5,Rivka,2,99,99,1,1,99,99,99,0.5,0.07142857142857142,98166.6875,0.37869285941007014,0.33333353140976607,0,0,2,0,0
165,8,Hannelore,2,1,99,1,99,99,99,99,0.25,0.011904761904761904,98166.68749999999,0.10934460171963008,0.33333264006631547,0,0,1,0,0
166,1,Sonja,2,6,12,4,10,6,1,diplomaat/presidentsvrouw,0.0,0.0,0.0,-5.100659467435769e-17,0.24999948097908054,0,0,0,0,0
166,2,Chiang,1,6,99,6,99,6,1,generaal/president van China,0.8,0.1546031746031746,204004.51764705885,0.4501049184387129,0.2500009342354263,5,5,5,4,5
166,4,Chingling,2,6,12,6,12,99,1,partijvoorzitter,0.4666666666666667,0.014285714285714287,144503.2,0.4191512046599479,0.2500005190204933,1,1,1,1,1
166,8,Zhang,1,99,99,6,99,99,1,politicus,0.26666666666666666,0.042698412698412715,165146.51428571434,0.10122115167962907,0.24999975779009584,0,0,0,0,0
166,13,Stilwell,1,4,99,4,99,99,1,generaal,0.2,0.0,157639.85454545458,0.052309550506957146,0.24999968858714086,1,0,1,1,1
166,14,Churchill,1,3,6,3,6,99,1,president,0.2,0.002380952380952381,150785.94782608695,0.06889064645589538,0.24999968858731328,1,1,1,1,1
166,15,Mao Zedong,1,4,13,6,12,99,2,boer/politicus,0.0,0.0,0.0,7.734272394436587e-17,0.24999948097908054,0,0,0,2,0
167,1,Laura,2,1,2,6,12,2,1,hostess,0.6875,0.14678571428571427,211535.7954545454,0.3253966235518418,0.24253600871961578,1,2,2,1,1
167,2,Chess,2,6,99,6,12,2,1,hostess,0.8125,0.11084325396825397,186151.49999999994,0.46015579069528556,0.2425366683093555,1,0,0,1,1
167,9,Kenji,1,6,99,6,12,1,1,student,0.4375,0.07113095238095239,193907.81249999994,0.1447643135577656,0.2425354224165693,0,0,0,0,0
167,11,Angela,2,99,99,6,12,1,99,hostess,0.4375,0.03113095238095238,178991.82692307688,0.18878592735885533,0.2425354957045913,0,0,0,0,0
168,1,Tatjana,2,1,1,1,2,3,1,99,0.23809523809523808,0.024421768707482992,175993.7076719577,0.05571062206238252,0.2132001536654564,1,3,4,0,0
168,2,Babs,2,1,99,1,2,3,1,rentenier,0.5714285714285714,0.0009523809523809525,158394.33690476193,0.40499038960092343,0.21320177336917,1,0,0,1,1
168,3,Lot,2,1,99,1,2,3,99,99,0.7619047619047619,0.04835978835978837,191993.1356421356,0.3692900804622738,0.21320177336841667,3,3,3,3,3
168,4,Rudolf,1,1,99,1,2,3,1,zakenman,0.3333333333333333,0.004523809523809524,158394.33690476193,0.1672592565740722,0.21320055859202833,0,1,0,0,0
168,8,Maartje,2,1,99,1,2,1,99,scholier,0.6190476190476191,0.07591080876795163,191993.1356421356,0.2797387905880311,0.21320131059631942,2,2,2,2,2
168,11,Christina,2,1,99,1,2,3,99,99,0.42857142857142855,0.030525321239606953,162455.73015873024,0.2556515665439188,0.21320084782563475,1,1,0,1,1
168,12,Reinier,1,1,99,1,2,3,99,99,0.6190476190476191,0.12981103552532125,211192.44920634924,0.25901971176458016,0.21320107921087508,2,2,2,2,2
168,14,Mariska,2,1,99,1,2,3,99,99,0.6666666666666666,0.10329931972789116,204379.7895545315,0.2889562106962416,0.21320119490379344,1,1,1,1,1
168,16,Emmy,2,1,99,1,2,1,99,scholier,0.19047619047619047,0.012656840513983372,162455.73015873024,0.06282875792352435,0.21320015366567616,0,0,0,1,1
168,17,Gifkikker,2,1,99,1,2,3,99,99,0.23809523809523808,0.012290249433106576,150851.74943310663,0.0934414206332022,0.2132002693589555,0,0,0,1,1
168,18,Adriaan,1,1,99,1,2,3,1,advocaat,0.23809523809523808,0.0,134803.69098277614,0.17085669674721932,0.21320050074585947,0,0,0,1,1
